"Geschäft";"Geschäfts ID";"Eröffnungsdatum";"Datum geschlossen";"Bestellnummer";"Währung";"Zahlungsart";"Betrag Trinkgeld"
"Suedseite - Bakery and Roastery";"55978";"2025-05-01 10:41:14";"2025-05-01 10:44:21";"59D61E69-727A-4EE3-A55E-DBA15D5BB161";"EUR";"SumUp";"1,92"
"Suedseite - Bakery and Roastery";"55978";"2025-05-01 10:06:07";"2025-05-01 11:21:01";"B91C2AF0-78EB-4078-B412-1B43EFBE6FAB";"EUR";"SumUp";"1,00"
"Suedseite - Bakery and Roastery";"55978";"2025-05-01 11:37:57";"2025-05-01 11:39:38";"C4B4DF25-B5A8-4B81-83A6-4236B1871771";"EUR";"SumUp";"2,12"
"Suedseite - Bakery and Roastery";"55978";"2025-05-01 11:43:52";"2025-05-01 11:45:54";"DB7CBF5A-7521-426E-9602-145659394686";"EUR";"SumUp";"1,35"
"Suedseite - Bakery and Roastery";"55978";"2025-05-01 11:45:57";"2025-05-01 11:46:39";"247C3BB7-3362-493F-8F2C-A5F91E59D287";"EUR";"SumUp";"1,00"
"Suedseite - Bakery and Roastery";"55978";"2025-05-01 11:05:24";"2025-05-01 11:50:32";"534DBE60-5C89-49F0-AB5B-D1B4E333D5DF";"EUR";"SumUp";"4,12"
"Suedseite - Bakery and Roastery";"55978";"2025-05-01 11:21:22";"2025-05-01 12:04:19";"27E57E54-8CD4-4D3F-9414-B893EE4EC031";"EUR";"SumUp";"4,18"
"Suedseite - Bakery and Roastery";"55978";"2025-05-01 13:27:36";"2025-05-01 13:29:54";"E1B13ABB-19E9-45A9-A238-8C1DA08728B6";"EUR";"SumUp";"1,00"
"Suedseite - Bakery and Roastery";"55978";"2025-05-01 13:29:58";"2025-05-01 13:30:40";"EA966011-5910-430F-B942-C9977FD0EE5F";"EUR";"SumUp";"1,00"
"Suedseite - Bakery and Roastery";"55978";"2025-05-01 13:30:45";"2025-05-01 13:31:07";"B3D5CC8F-92D2-4858-B9BD-F4F276571C4B";"EUR";"SumUp";"1,03"
"Suedseite - Bakery and Roastery";"55978";"2025-05-01 13:32:05";"2025-05-01 13:34:07";"AC10FB06-FBF6-45D2-8ECB-FA89026D106F";"EUR";"SumUp";"1,00"
"Suedseite - Bakery and Roastery";"55978";"2025-05-01 13:37:59";"2025-05-01 13:38:37";"2B49ADFD-573F-4F3F-A606-C1E1568A3503";"EUR";"SumUp";"1,00"
"Suedseite - Bakery and Roastery";"55978";"2025-05-01 13:44:14";"2025-05-01 13:45:28";"8C3492B9-CC15-43FF-927B-8F134CBB4E8D";"EUR";"SumUp";"1,00"
"Suedseite - Bakery and Roastery";"55978";"2025-05-01 14:24:07";"2025-05-01 14:25:18";"6310A088-DBB7-4815-95C6-13342BCB0BB7";"EUR";"SumUp";"2,00"
"Suedseite - Bakery and Roastery";"55978";"2025-05-01 13:58:44";"2025-05-01 14:31:04";"218924CA-AF86-4327-B067-DBA5B792F0E8";"EUR";"SumUp";"2,38"
"Suedseite - Bakery and Roastery";"55978";"2025-05-01 13:38:48";"2025-05-01 14:32:01";"58459BB8-61D0-4BC5-9912-D2E41E1AD802";"EUR";"SumUp";"4,14"
"Suedseite - Bakery and Roastery";"55978";"2025-05-01 14:39:04";"2025-05-01 14:39:46";"5596DB32-3C9C-49FF-9FBA-11A3913B2F19";"EUR";"SumUp";"2,00"
"Suedseite - Bakery and Roastery";"55978";"2025-05-01 14:41:50";"2025-05-01 14:47:15";"016EFB3A-AC53-4177-8ABB-326A4BD1A9BA";"EUR";"SumUp";"1,58"
"Suedseite - Bakery and Roastery";"55978";"2025-05-01 15:02:30";"2025-05-01 15:03:32";"A436A5B0-0826-4898-9B46-F5502A09D087";"EUR";"SumUp";"1,14"
"Suedseite - Bakery and Roastery";"55978";"2025-05-01 15:05:56";"2025-05-01 15:06:34";"F9BE8A20-C58A-4F06-A72D-069F0640BBE4";"EUR";"SumUp";"1,00"
"Suedseite - Bakery and Roastery";"55978";"2025-05-01 15:07:46";"2025-05-01 15:09:30";"64412374-B6FA-403D-A9B3-72EC1AA45911";"EUR";"SumUp";"1,21"
"Suedseite - Bakery and Roastery";"55978";"2025-05-01 15:16:22";"2025-05-01 15:18:53";"277A5F41-A36D-4023-AF29-972D8D32BF14";"EUR";"SumUp";"2,61"
"Suedseite - Bakery and Roastery";"55978";"2025-05-01 14:47:25";"2025-05-01 15:19:42";"4D6702EE-BA7B-443E-9005-50A056885510";"EUR";"SumUp";"1,35"
"Suedseite - Bakery and Roastery";"55978";"2025-05-01 15:19:46";"2025-05-01 15:20:23";"63603A14-1D8A-4090-9DCF-039B3EE32176";"EUR";"SumUp";"1,00"
"Suedseite - Bakery and Roastery";"55978";"2025-05-01 15:20:30";"2025-05-01 15:21:22";"C7B3428D-45E7-4FA8-A76F-F114D3EE7229";"EUR";"SumUp";"1,10"
"Suedseite - Bakery and Roastery";"55978";"2025-05-01 15:22:22";"2025-05-01 15:24:16";"F4E0E88E-8C4B-4E04-83BD-9648884406F8";"EUR";"SumUp";"1,00"
"Suedseite - Bakery and Roastery";"55978";"2025-05-01 15:28:35";"2025-05-01 15:30:09";"8FF38EDC-542A-41C3-A02C-B0D77EC7A0D0";"EUR";"SumUp";"1,27"
"Suedseite - Bakery and Roastery";"55978";"2025-05-01 15:33:10";"2025-05-01 15:34:37";"EEE8FDE7-BB06-461E-B145-561C6FDE4198";"EUR";"SumUp";"1,00"
"Suedseite - Bakery and Roastery";"55978";"2025-05-01 15:40:29";"2025-05-01 15:42:29";"15DFF8DA-1F42-40BE-A924-AB73D674200A";"EUR";"SumUp";"1,05"
"Suedseite - Bakery and Roastery";"55978";"2025-05-01 15:43:47";"2025-05-01 15:45:32";"A47380BA-919B-4537-B97C-8293161F194C";"EUR";"SumUp";"1,20"
"Suedseite - Bakery and Roastery";"55978";"2025-05-01 15:45:44";"2025-05-01 15:46:58";"6D0A27A5-C57A-474B-8F40-FA790D68C476";"EUR";"SumUp";"1,20"
"Suedseite - Bakery and Roastery";"55978";"2025-05-01 15:47:09";"2025-05-01 15:48:28";"79C6E1FC-3731-41AA-A13E-07F4074E238C";"EUR";"SumUp";"1,03"
"Suedseite - Bakery and Roastery";"55978";"2025-05-01 15:48:43";"2025-05-01 15:49:56";"89704828-FAFA-42FF-837A-B7FDDF678A7D";"EUR";"SumUp";"1,25"
"Suedseite - Bakery and Roastery";"55978";"2025-05-01 15:49:59";"2025-05-01 15:53:15";"2E96DD3D-A03D-4F67-A702-15E19E08A32D";"EUR";"SumUp";"1,38"
"Suedseite - Bakery and Roastery";"55978";"2025-05-01 15:55:03";"2025-05-01 15:56:00";"83B16531-274F-4664-B2E0-19C25A56A70B";"EUR";"SumUp";"1,31"
"Suedseite - Bakery and Roastery";"55978";"2025-05-01 15:01:41";"2025-05-01 16:05:01";"981E10F1-DD05-4874-B0F4-FE9F8DDEA466";"EUR";"SumUp";"1,05"
"Suedseite - Bakery and Roastery";"55978";"2025-05-01 16:08:23";"2025-05-01 16:10:24";"8EA70659-3D51-40C0-AE66-BDEE371EB773";"EUR";"SumUp";"0,50"
"Suedseite - Bakery and Roastery";"55978";"2025-05-01 16:10:30";"2025-05-01 16:13:35";"273A6520-48D5-41AC-82BA-D2940EEC7062";"EUR";"SumUp";"1,29"
"Suedseite - Bakery and Roastery";"55978";"2025-05-01 16:17:16";"2025-05-01 16:18:44";"CD07E806-65BA-485D-930E-0849A121E7F0";"EUR";"SumUp";"1,19"
"Suedseite - Bakery and Roastery";"55978";"2025-05-01 16:24:39";"2025-05-01 16:29:17";"14BBDC72-A539-4F50-AD49-7EF0C00F4CBE";"EUR";"SumUp";"1,00"
"Suedseite - Bakery and Roastery";"55978";"2025-05-01 16:34:03";"2025-05-01 16:39:40";"9F2E445D-C87E-4851-BEA3-CDC8B36875B3";"EUR";"SumUp";"1,56"
"Suedseite - Bakery and Roastery";"55978";"2025-05-01 16:43:58";"2025-05-01 16:46:10";"9107ED3F-81ED-427B-8AE7-D2CDD629C34D";"EUR";"SumUp";"1,96"
"Suedseite - Bakery and Roastery";"55978";"2025-05-01 17:04:58";"2025-05-01 17:06:57";"2303C4F0-CD45-404A-A462-CBAC4B4A7490";"EUR";"SumUp";"1,65"
"Suedseite - Bakery and Roastery";"55978";"2025-05-01 17:16:26";"2025-05-01 17:17:26";"00C993A8-C417-4AED-883D-803F9BB62522";"EUR";"SumUp";"1,00"
"Suedseite - Bakery and Roastery";"55978";"2025-05-02 10:13:16";"2025-05-02 10:14:19";"909C84FF-70EE-424D-87D5-A7AD7ADE7094";"EUR";"SumUp";"2,27"
"Suedseite - Bakery and Roastery";"55978";"2025-05-02 10:14:29";"2025-05-02 10:15:27";"1CFCAD5C-1A12-4487-894A-08D1F64C688A";"EUR";"SumUp";"1,00"
"Suedseite - Bakery and Roastery";"55978";"2025-05-02 10:17:41";"2025-05-02 10:18:32";"A46C8085-1750-4B26-A52A-F0957BD357BD";"EUR";"Barzahlung";"3,30"
"Suedseite - Bakery and Roastery";"55978";"2025-05-02 09:59:26";"2025-05-02 10:53:46";"8F132BE7-6CBB-4287-8351-B5283968A203";"EUR";"SumUp";"2,64"
"Suedseite - Bakery and Roastery";"55978";"2025-05-02 10:43:53";"2025-05-02 11:31:27";"374ADEDC-11AF-4501-829D-D2D48BD774CF";"EUR";"SumUp";"1,88"
"Suedseite - Bakery and Roastery";"55978";"2025-05-02 11:17:19";"2025-05-02 11:44:19";"E6B20E5B-BF7D-47F6-AC56-DB2B7134C01D";"EUR";"SumUp";"1,90"
"Suedseite - Bakery and Roastery";"55978";"2025-05-02 11:51:54";"2025-05-02 12:02:06";"682DC18F-B29A-4973-95D3-2711635A6FB0";"EUR";"SumUp";"1,90"
"Suedseite - Bakery and Roastery";"55978";"2025-05-02 12:53:42";"2025-05-02 12:54:52";"C185FB8E-EBAA-4BCA-A30B-161C0BAF8DB1";"EUR";"SumUp";"1,15"
"Suedseite - Bakery and Roastery";"55978";"2025-05-02 12:56:49";"2025-05-02 12:58:03";"7C872772-A269-4144-B9C0-ECBD78E8FA71";"EUR";"SumUp";"2,00"
"Suedseite - Bakery and Roastery";"55978";"2025-05-02 12:58:07";"2025-05-02 13:04:34";"E3941D26-5D3E-4166-832A-3940DA9D0F14";"EUR";"SumUp";"1,00"
"Suedseite - Bakery and Roastery";"55978";"2025-05-02 14:05:31";"2025-05-02 14:09:08";"243B2A8A-ECC6-4E87-9CF3-CFFDDCC2077D";"EUR";"SumUp";"1,90"
"Suedseite - Bakery and Roastery";"55978";"2025-05-02 14:25:39";"2025-05-02 14:26:54";"51B8B05D-7810-4A6F-A0E2-011F6B08F387";"EUR";"SumUp";"1,22"
"Suedseite - Bakery and Roastery";"55978";"2025-05-02 15:02:31";"2025-05-02 15:04:06";"DAEA887E-4A0B-4280-8140-06FA72F9396A";"EUR";"SumUp";"1,24"
"Suedseite - Bakery and Roastery";"55978";"2025-05-02 13:41:09";"2025-05-02 15:12:26";"DCCBDACC-143D-4C0C-B6A8-7AAA83A43512";"EUR";"SumUp";"9,00"
"Suedseite - Bakery and Roastery";"55978";"2025-05-02 13:20:09";"2025-05-02 15:16:16";"94724FD1-7E18-4F2C-ABF2-1C9159414EF8";"EUR";"SumUp";"2,33"
"Suedseite - Bakery and Roastery";"55978";"2025-05-02 15:16:43";"2025-05-02 15:17:55";"249696F0-2BD2-40DD-87CC-F592541E83D8";"EUR";"SumUp";"2,33"
"Suedseite - Bakery and Roastery";"55978";"2025-05-02 15:25:08";"2025-05-02 15:34:10";"4424B26A-E1E4-4844-9D28-4B673E5FB771";"EUR";"SumUp";"1,00"
"Suedseite - Bakery and Roastery";"55978";"2025-05-02 15:45:11";"2025-05-02 15:46:58";"49E233C6-FF4C-4EED-95CE-2C48FBA7C8A8";"EUR";"SumUp";"1,53"
"Suedseite - Bakery and Roastery";"55978";"2025-05-02 15:52:44";"2025-05-02 15:53:46";"3345C0C9-84B6-4D4B-A9DA-851CA079C997";"EUR";"SumUp";"1,63"
"Suedseite - Bakery and Roastery";"55978";"2025-05-02 16:07:32";"2025-05-02 16:09:46";"0C0EAC6F-4ED4-46E9-BBD0-B21423EDCD90";"EUR";"SumUp";"1,00"
"Suedseite - Bakery and Roastery";"55978";"2025-05-02 16:22:33";"2025-05-02 16:23:40";"BBA6FE2A-11EB-4ED9-B0D4-B66EF4F5FED1";"EUR";"SumUp";"1,59"
"Suedseite - Bakery and Roastery";"55978";"2025-05-02 15:59:30";"2025-05-02 16:27:34";"26290B50-0432-49E8-BE38-B4D17184DEAD";"EUR";"SumUp";"1,20"
"Suedseite - Bakery and Roastery";"55978";"2025-05-02 16:37:52";"2025-05-02 16:41:24";"B5E24B81-FBD3-4D65-8D9A-0A12BEA9593C";"EUR";"SumUp";"1,00"
"Suedseite - Bakery and Roastery";"55978";"2025-05-02 16:52:38";"2025-05-02 16:53:50";"95CD5FBE-7E6A-4A85-B02B-5D76D39DE96B";"EUR";"SumUp";"1,00"
"Suedseite - Bakery and Roastery";"55978";"2025-05-02 16:20:19";"2025-05-02 17:07:15";"AA32A597-8A83-448E-85C5-E3841B41AE61";"EUR";"SumUp";"2,20"
"Suedseite - Bakery and Roastery";"55978";"2025-05-02 17:50:28";"2025-05-02 17:51:49";"86835D3A-5B7E-4165-BBEA-727B5603DBA2";"EUR";"SumUp";"1,51"
"Suedseite - Bakery and Roastery";"55978";"2025-05-02 17:58:44";"2025-05-02 17:59:21";"DF95582F-85CF-4974-9C8E-94BD2A124EAB";"EUR";"SumUp";"1,25"
"Suedseite - Bakery and Roastery";"55978";"2025-05-02 18:15:12";"2025-05-02 18:37:08";"D7C7C7E7-257D-4A82-8E83-0DE07500A3B5";"EUR";"SumUp";"3,00"
"Suedseite - Bakery and Roastery";"55978";"2025-05-03 09:50:05";"2025-05-03 09:51:39";"84693B50-6129-45C5-9BB0-370BE6BB05E2";"EUR";"SumUp";"2,63"
"Suedseite - Bakery and Roastery";"55978";"2025-05-03 09:53:49";"2025-05-03 09:55:47";"E51C3A0C-0B33-481F-A1EB-8792C2181644";"EUR";"SumUp";"1,37"
"Suedseite - Bakery and Roastery";"55978";"2025-05-03 10:56:45";"2025-05-03 10:57:27";"BBC4D087-7DD1-49F8-9784-11546ECEF525";"EUR";"SumUp";"2,02"
"Suedseite - Bakery and Roastery";"55978";"2025-05-03 10:58:16";"2025-05-03 10:58:45";"2FAA69D9-B081-431D-ADAF-3F63EB1C261E";"EUR";"SumUp";"1,00"
"Suedseite - Bakery and Roastery";"55978";"2025-05-03 11:03:23";"2025-05-03 11:05:58";"AF38850A-671A-40BE-840F-54DF459B1D5D";"EUR";"SumUp";"2,20"
"Suedseite - Bakery and Roastery";"55978";"2025-05-03 11:12:19";"2025-05-03 11:13:07";"7C323FD4-0D3C-4F52-8BAD-B95013C2C1B6";"EUR";"SumUp";"1,00"
"Suedseite - Bakery and Roastery";"55978";"2025-05-03 11:13:11";"2025-05-03 11:13:56";"71991480-B98D-497E-BAFA-C66D05D9AB3A";"EUR";"SumUp";"1,00"
"Suedseite - Bakery and Roastery";"55978";"2025-05-03 11:14:10";"2025-05-03 11:23:12";"E34D9E1A-77AE-45E3-A4E0-47D85E9B6BDC";"EUR";"SumUp";"1,00"
"Suedseite - Bakery and Roastery";"55978";"2025-05-03 11:51:17";"2025-05-03 11:54:21";"3847AD96-CDC0-411B-87F5-4CBF54C88A7A";"EUR";"SumUp";"5,28"
"Suedseite - Bakery and Roastery";"55978";"2025-05-03 12:04:14";"2025-05-03 12:05:40";"57AC3326-19BE-4D5C-859A-FA1C08AD636F";"EUR";"SumUp";"1,33"
"Suedseite - Bakery and Roastery";"55978";"2025-05-03 12:20:23";"2025-05-03 13:09:13";"FF01273E-0447-4E4B-87F8-9E34EEE0A144";"EUR";"SumUp";"2,52"
"Suedseite - Bakery and Roastery";"55978";"2025-05-03 13:25:03";"2025-05-03 13:26:03";"ED4ED68A-FED7-471B-8A8B-B0F9FD8C256A";"EUR";"SumUp";"1,30"
"Suedseite - Bakery and Roastery";"55978";"2025-05-03 13:26:05";"2025-05-03 13:30:23";"3DD93FEC-F916-4E0F-BA81-B3F33EEDA959";"EUR";"SumUp";"1,05"
"Suedseite - Bakery and Roastery";"55978";"2025-05-03 13:33:37";"2025-05-03 13:35:41";"7FCFB142-5CDE-4AC7-9FED-88640F5CED15";"EUR";"SumUp";"1,80"
"Suedseite - Bakery and Roastery";"55978";"2025-05-03 13:36:22";"2025-05-03 13:37:40";"BA086174-4751-4102-8337-0A99E202BFB3";"EUR";"SumUp";"1,79"
"Suedseite - Bakery and Roastery";"55978";"2025-05-03 13:48:48";"2025-05-03 13:53:03";"1C497E07-C398-4E69-82AF-14D54F8045C0";"EUR";"SumUp";"2,07"
"Suedseite - Bakery and Roastery";"55978";"2025-05-03 14:08:16";"2025-05-03 14:09:51";"C64607E5-7BF0-4028-B1D8-30CB1ECCDA1B";"EUR";"SumUp";"1,00"
"Suedseite - Bakery and Roastery";"55978";"2025-05-03 14:51:27";"2025-05-03 14:57:09";"3B2E6912-74CC-4FBF-9791-ACEFDC3218C3";"EUR";"SumUp";"1,17"
"Suedseite - Bakery and Roastery";"55978";"2025-05-03 11:55:15";"2025-05-03 15:15:37";"9F648E6D-6880-420F-AFE2-DE7864181CE5";"EUR";"SumUp";"4,70"
"Suedseite - Bakery and Roastery";"55978";"2025-05-03 15:18:03";"2025-05-03 15:19:43";"ECC075A8-B377-4CFA-9528-2377ED3E2AB3";"EUR";"SumUp";"1,50"
"Suedseite - Bakery and Roastery";"55978";"2025-05-03 15:36:35";"2025-05-03 16:11:30";"67F32B20-1DE7-4EDF-9D78-2AD57FFC5649";"EUR";"SumUp";"3,79"
"Suedseite - Bakery and Roastery";"55978";"2025-05-03 16:12:42";"2025-05-03 16:13:47";"87DB9A37-66C7-4E3A-B97F-9E8FD4F493FF";"EUR";"SumUp";"1,00"
"Suedseite - Bakery and Roastery";"55978";"2025-05-03 16:14:15";"2025-05-03 16:15:57";"7B0C7372-8125-4E7B-8290-DE9C032293CC";"EUR";"SumUp";"2,00"
"Suedseite - Bakery and Roastery";"55978";"2025-05-03 16:37:45";"2025-05-03 16:38:22";"8F0C6AD4-23FC-4D51-8AB5-149519892BBB";"EUR";"SumUp";"1,00"
"Suedseite - Bakery and Roastery";"55978";"2025-05-03 16:47:49";"2025-05-03 16:57:01";"7BB8069D-C0E0-44C9-BEE3-CD5D707DDB49";"EUR";"SumUp";"1,00"
"Suedseite - Bakery and Roastery";"55978";"2025-05-03 16:58:43";"2025-05-03 17:00:07";"7E021C29-7B13-4EFC-A96E-9DB0E8E2AB66";"EUR";"SumUp";"1,00"
"Suedseite - Bakery and Roastery";"55978";"2025-05-03 15:21:13";"2025-05-03 17:10:32";"1AA74BC5-8BE0-4221-8EBD-D59CEB093168";"EUR";"SumUp";"1,00"
"Suedseite - Bakery and Roastery";"55978";"2025-05-03 17:10:42";"2025-05-03 17:15:46";"5A8A7F5D-0F2C-483E-AF4B-29ADE3E8598F";"EUR";"SumUp";"1,00"
"Suedseite - Bakery and Roastery";"55978";"2025-05-03 17:17:58";"2025-05-03 17:18:59";"C7B7326C-F39A-489D-BCA8-7D68D87E5E66";"EUR";"SumUp";"0,50"
"Suedseite - Bakery and Roastery";"55978";"2025-05-03 17:19:05";"2025-05-03 17:20:13";"4C38146F-4A12-4B97-BE98-2EDECF732580";"EUR";"SumUp";"1,61"
"Suedseite - Bakery and Roastery";"55978";"2025-05-03 17:30:58";"2025-05-03 17:32:47";"6D4F9902-6E04-4ACA-A41F-0B573BE616E0";"EUR";"SumUp";"2,17"
"Suedseite - Bakery and Roastery";"55978";"2025-05-03 18:01:27";"2025-05-03 18:06:32";"99A4FF7D-7E26-4A3C-A721-6BE6CA0BED14";"EUR";"SumUp";"1,91"
"Suedseite - Bakery and Roastery";"55978";"2025-05-04 09:42:00";"2025-05-04 09:42:36";"ABF70C31-0A05-4A52-A239-F857256FF6DB";"EUR";"SumUp";"2,00"
"Suedseite - Bakery and Roastery";"55978";"2025-05-04 10:26:01";"2025-05-04 10:27:41";"7BBDD251-AA09-407F-ABA4-666E70CC92B3";"EUR";"SumUp";"1,00"
"Suedseite - Bakery and Roastery";"55978";"2025-05-04 10:51:36";"2025-05-04 10:54:28";"08E960B6-74BD-49D6-8CF3-5AB607617F8A";"EUR";"SumUp";"1,48"
"Suedseite - Bakery and Roastery";"55978";"2025-05-04 11:04:39";"2025-05-04 11:05:22";"D18CA49E-CCD9-4CF2-936F-BE45ACF3F652";"EUR";"SumUp";"1,00"
"Suedseite - Bakery and Roastery";"55978";"2025-05-04 11:05:25";"2025-05-04 11:06:02";"6EBB8F74-2CB1-45CC-B819-8A691545B701";"EUR";"SumUp";"0,50"
"Suedseite - Bakery and Roastery";"55978";"2025-05-04 11:30:16";"2025-05-04 11:34:21";"2ADAEF65-F64C-4948-9837-DBD7D9CABC4B";"EUR";"SumUp";"2,56"
"Suedseite - Bakery and Roastery";"55978";"2025-05-04 11:38:27";"2025-05-04 11:40:34";"246D4A55-CD24-4CA3-93E8-B0B72D241CAF";"EUR";"SumUp";"4,30"
"Suedseite - Bakery and Roastery";"55978";"2025-05-04 12:05:08";"2025-05-04 12:06:14";"74D90CE5-CCE5-4A7E-A949-F59435FB8619";"EUR";"SumUp";"1,05"
"Suedseite - Bakery and Roastery";"55978";"2025-05-04 12:14:28";"2025-05-04 12:15:22";"C5B9CA17-0D56-4015-B3FE-5CE51F300859";"EUR";"SumUp";"1,00"
"Suedseite - Bakery and Roastery";"55978";"2025-05-04 12:18:25";"2025-05-04 12:20:22";"AA9411DC-C77C-4032-BBDC-DE5CADFD623F";"EUR";"SumUp";"1,98"
"Suedseite - Bakery and Roastery";"55978";"2025-05-04 12:23:10";"2025-05-04 12:25:29";"EE02F74F-401E-4EEA-86ED-59CDE5E1DB01";"EUR";"SumUp";"2,75"
"Suedseite - Bakery and Roastery";"55978";"2025-05-04 11:45:26";"2025-05-04 12:31:18";"81E0B570-236C-4BCE-8564-AC56E4709C1A";"EUR";"SumUp";"1,85"
"Suedseite - Bakery and Roastery";"55978";"2025-05-04 12:35:35";"2025-05-04 12:37:47";"13F48B80-8B99-4B8A-B529-99B43D1BCA54";"EUR";"SumUp";"2,02"
"Suedseite - Bakery and Roastery";"55978";"2025-05-04 12:57:59";"2025-05-04 12:59:18";"EB2F9922-31FA-4398-9732-F6C85116ACB4";"EUR";"SumUp";"1,61"
"Suedseite - Bakery and Roastery";"55978";"2025-05-04 13:00:24";"2025-05-04 13:04:42";"934BB2AB-13DB-408A-9DD2-15D1E3FABC00";"EUR";"SumUp";"1,36"
"Suedseite - Bakery and Roastery";"55978";"2025-05-04 13:33:11";"2025-05-04 13:34:34";"D0DF06EF-B733-4C46-BF08-95167F88024B";"EUR";"SumUp";"1,55"
"Suedseite - Bakery and Roastery";"55978";"2025-05-04 13:56:49";"2025-05-04 13:58:43";"CA85096E-FDB3-46F6-BD86-57A0FC03E348";"EUR";"SumUp";"1,10"
"Suedseite - Bakery and Roastery";"55978";"2025-05-04 14:06:08";"2025-05-04 14:06:53";"219199E7-4672-4606-96BB-45F83589B8CC";"EUR";"SumUp";"0,20"
"Suedseite - Bakery and Roastery";"55978";"2025-05-04 14:07:27";"2025-05-04 14:10:06";"D9AFAD15-50B7-4378-AB2A-8FA9394689DC";"EUR";"SumUp";"0,50"
"Suedseite - Bakery and Roastery";"55978";"2025-05-04 14:11:19";"2025-05-04 14:12:48";"55E981FB-CEEE-4DAD-A44F-9171301C4F6E";"EUR";"SumUp";"1,12"
"Suedseite - Bakery and Roastery";"55978";"2025-05-04 14:16:23";"2025-05-04 14:19:25";"DD577352-B12E-4D65-9E6E-BCBF764C7516";"EUR";"SumUp";"2,73"
"Suedseite - Bakery and Roastery";"55978";"2025-05-04 14:19:53";"2025-05-04 14:23:59";"44C55602-052F-4E2E-ABEE-AE8B14960D67";"EUR";"SumUp";"1,00"
"Suedseite - Bakery and Roastery";"55978";"2025-05-04 14:40:45";"2025-05-04 14:41:41";"8C293D32-D077-45A7-8FA6-6F7E19A1F1E6";"EUR";"SumUp";"1,00"
"Suedseite - Bakery and Roastery";"55978";"2025-05-04 14:41:50";"2025-05-04 14:42:32";"3B72B95D-EE25-45F4-917C-46614F163970";"EUR";"SumUp";"1,00"
"Suedseite - Bakery and Roastery";"55978";"2025-05-04 14:42:51";"2025-05-04 14:44:00";"88D65CB6-64E6-4700-88F6-106C7E45890B";"EUR";"SumUp";"1,00"
"Suedseite - Bakery and Roastery";"55978";"2025-05-04 14:44:09";"2025-05-04 14:45:34";"AB5A225C-A643-41A0-B982-36CA7F8B0961";"EUR";"SumUp";"1,10"
"Suedseite - Bakery and Roastery";"55978";"2025-05-04 14:45:43";"2025-05-04 14:46:17";"F4A9C67B-8A53-4D72-AAEE-3B742509E5E0";"EUR";"SumUp";"1,00"
"Suedseite - Bakery and Roastery";"55978";"2025-05-04 15:06:55";"2025-05-04 15:08:45";"C52D75D5-37D1-4F0C-B8C5-5CDBB888EB60";"EUR";"SumUp";"1,12"
"Suedseite - Bakery and Roastery";"55978";"2025-05-04 15:00:41";"2025-05-04 15:47:36";"E2EABB04-487D-48FB-96A0-75A75728FA11";"EUR";"SumUp";"0,02"
"Suedseite - Bakery and Roastery";"55978";"2025-05-04 15:38:51";"2025-05-04 16:19:08";"37E94A18-78AD-4E51-9FD3-3EF91418E42A";"EUR";"SumUp";"1,00"
"Suedseite - Bakery and Roastery";"55978";"2025-05-04 16:57:09";"2025-05-04 16:57:53";"BE589195-52B2-48BF-94C0-F302F8EF18C7";"EUR";"SumUp";"0,50"
"Suedseite - Bakery and Roastery";"55978";"2025-05-04 17:41:05";"2025-05-04 17:41:28";"AEC6599F-9978-4468-A6E2-66373A416D15";"EUR";"SumUp";"1,00"
"Suedseite - Bakery and Roastery";"55978";"2025-05-04 17:24:10";"2025-05-04 17:41:46";"64551FB8-41BF-4203-9C44-DEBAD35CA279";"EUR";"SumUp";"1,20"
"Suedseite - Bakery and Roastery";"55978";"2025-05-04 17:48:25";"2025-05-04 17:51:09";"895A0B0B-6083-48E9-B27C-1DFBF880ACA1";"EUR";"SumUp";"1,00"
"Suedseite - Bakery and Roastery";"55978";"2025-05-06 09:36:29";"2025-05-06 09:40:20";"E893138A-1BF3-40BD-9AD2-180394DC7385";"EUR";"SumUp";"1,38"
"Suedseite - Bakery and Roastery";"55978";"2025-05-06 10:03:35";"2025-05-06 10:07:10";"316BB55E-05E9-4D3A-A679-E42CD252AA4B";"EUR";"SumUp";"1,38"
"Suedseite - Bakery and Roastery";"55978";"2025-05-06 10:21:42";"2025-05-06 10:26:22";"EBC9128B-FA9B-4822-8E82-A4427798A8C2";"EUR";"SumUp";"1,00"
"Suedseite - Bakery and Roastery";"55978";"2025-05-06 09:45:39";"2025-05-06 11:15:35";"E4F7966D-9275-4CCD-B58B-5BABC2FDCA93";"EUR";"SumUp";"3,85"
"Suedseite - Bakery and Roastery";"55978";"2025-05-06 11:17:21";"2025-05-06 11:17:42";"D58621D6-30E1-49BB-A62C-277285BA5E01";"EUR";"SumUp";"1,00"
"Suedseite - Bakery and Roastery";"55978";"2025-05-06 09:55:33";"2025-05-06 11:51:01";"D5097B7D-08A5-415C-8FDB-D4F3AAEE8826";"EUR";"SumUp";"0,60"
"Suedseite - Bakery and Roastery";"55978";"2025-05-06 11:22:38";"2025-05-06 12:02:46";"575BD0DC-7702-40DF-A98B-09512F08CA6F";"EUR";"SumUp";"2,75"
"Suedseite - Bakery and Roastery";"55978";"2025-05-06 13:02:11";"2025-05-06 13:02:58";"C44D2438-7B5B-4FDC-8073-8ED2BF0EFF38";"EUR";"SumUp";"1,00"
"Suedseite - Bakery and Roastery";"55978";"2025-05-06 13:06:14";"2025-05-06 13:06:44";"CD19DDE5-3B0A-4D85-AB46-137174007661";"EUR";"SumUp";"1,00"
"Suedseite - Bakery and Roastery";"55978";"2025-05-06 13:09:46";"2025-05-06 13:10:37";"D1EC7397-613C-4D0C-858F-AFC6D9BFABA5";"EUR";"SumUp";"1,00"
"Suedseite - Bakery and Roastery";"55978";"2025-05-06 13:10:58";"2025-05-06 13:11:46";"A629B011-9E2C-403E-936D-4E573D762BD6";"EUR";"SumUp";"1,00"
"Suedseite - Bakery and Roastery";"55978";"2025-05-06 13:12:25";"2025-05-06 13:43:15";"11361C80-9413-42A0-BA9C-5576E9CCEC7F";"EUR";"SumUp";"1,77"
"Suedseite - Bakery and Roastery";"55978";"2025-05-06 14:11:33";"2025-05-06 14:12:07";"5EC8AF90-F982-44A1-874D-2C46B8CEFBCB";"EUR";"SumUp";"1,48"
"Suedseite - Bakery and Roastery";"55978";"2025-05-06 14:12:11";"2025-05-06 14:12:35";"C7B668A7-B8B5-49E5-B072-8BC23DEB2D30";"EUR";"SumUp";"1,00"
"Suedseite - Bakery and Roastery";"55978";"2025-05-06 15:10:49";"2025-05-06 15:13:49";"42B02378-C756-47A1-ADD3-72FFD0A9FD6D";"EUR";"SumUp";"1,00"
"Suedseite - Bakery and Roastery";"55978";"2025-05-06 16:19:22";"2025-05-06 16:21:04";"B4BE33D3-07F6-4C97-9CC0-FC0624C498D4";"EUR";"SumUp";"1,75"
"Suedseite - Bakery and Roastery";"55978";"2025-05-06 16:21:09";"2025-05-06 16:22:11";"64BF579B-19E5-4C4F-88D6-84768F920CDF";"EUR";"SumUp";"1,61"
"Suedseite - Bakery and Roastery";"55978";"2025-05-06 16:22:18";"2025-05-06 16:22:56";"7F99F534-CF4D-4E02-A149-EE4D4DEBCE73";"EUR";"SumUp";"1,04"
"Suedseite - Bakery and Roastery";"55978";"2025-05-06 17:18:46";"2025-05-06 17:26:30";"1605BC2F-4739-4B37-B16B-105BF026DC62";"EUR";"SumUp";"1,24"
"Suedseite - Bakery and Roastery";"55978";"2025-05-06 16:53:30";"2025-05-06 17:44:07";"D4AFB1CC-0760-4B9D-AB54-1D36216B1B14";"EUR";"SumUp";"2,68"
"Suedseite - Bakery and Roastery";"55978";"2025-05-07 10:15:34";"2025-05-07 10:16:56";"C2D93CDC-F04E-4F7B-9538-06572F946A2B";"EUR";"SumUp";"1,40"
"Suedseite - Bakery and Roastery";"55978";"2025-05-07 10:32:16";"2025-05-07 10:33:54";"7C62262F-0DB9-4BBF-8CCF-D776227669C3";"EUR";"SumUp";"1,00"
"Suedseite - Bakery and Roastery";"55978";"2025-05-07 10:33:59";"2025-05-07 10:35:55";"8CA7818C-7B4A-4CA5-90C2-9AC425C0292B";"EUR";"SumUp";"1,00"
"Suedseite - Bakery and Roastery";"55978";"2025-05-07 11:03:19";"2025-05-07 11:06:52";"79693849-3D43-47AC-B7F9-9DFFEAE30408";"EUR";"SumUp";"1,53"
"Suedseite - Bakery and Roastery";"55978";"2025-05-07 11:07:06";"2025-05-07 11:09:20";"2CDB3C00-580A-4881-A794-26D3864C94A3";"EUR";"SumUp";"3,59"
"Suedseite - Bakery and Roastery";"55978";"2025-05-07 11:59:45";"2025-05-07 11:59:59";"4C336F5B-4235-4624-BBCD-30AB8C308388";"EUR";"Barzahlung";"0,50"
"Suedseite - Bakery and Roastery";"55978";"2025-05-07 12:21:14";"2025-05-07 12:25:25";"1527715A-9609-4E05-81E4-49E82BD2E82F";"EUR";"SumUp";"2,00"
"Suedseite - Bakery and Roastery";"55978";"2025-05-07 11:54:25";"2025-05-07 12:55:40";"CC3B3E03-69B6-4AF9-9F08-C8192ADD8F3D";"EUR";"SumUp";"1,08"
"Suedseite - Bakery and Roastery";"55978";"2025-05-07 12:58:39";"2025-05-07 13:01:14";"D31E2CE5-905C-4138-AAA0-7EF24CFA7F4C";"EUR";"SumUp";"1,42"
"Suedseite - Bakery and Roastery";"55978";"2025-05-07 13:55:24";"2025-05-07 14:00:19";"23D050D8-AD80-4B08-8016-9BB5B285DA7C";"EUR";"SumUp";"1,80"
"Suedseite - Bakery and Roastery";"55978";"2025-05-07 14:50:14";"2025-05-07 14:51:33";"362A7AC9-733B-49D7-AF8D-1BF2E87EABAF";"EUR";"Barzahlung";"1,60"
"Suedseite - Bakery and Roastery";"55978";"2025-05-07 14:00:28";"2025-05-07 14:52:15";"996911C9-0B1B-478F-BCE7-CE36BF483D2C";"EUR";"SumUp";"1,20"
"Suedseite - Bakery and Roastery";"55978";"2025-05-07 15:20:33";"2025-05-07 15:23:40";"A26B5A5B-8117-4332-86DF-868FC5103CBA";"EUR";"SumUp";"1,00"
"Suedseite - Bakery and Roastery";"55978";"2025-05-07 15:25:46";"2025-05-07 15:26:23";"4E681661-F604-48A4-8636-001457D36D0E";"EUR";"Barzahlung";"1,30"
"Suedseite - Bakery and Roastery";"55978";"2025-05-07 15:27:59";"2025-05-07 15:28:41";"377A934F-E79A-4FA8-AA8A-A72A7D5F299C";"EUR";"SumUp";"1,00"
"Suedseite - Bakery and Roastery";"55978";"2025-05-07 15:29:01";"2025-05-07 15:29:58";"D474007A-1463-404F-A664-5D4D2FCC242B";"EUR";"Barzahlung";"1,50"
"Suedseite - Bakery and Roastery";"55978";"2025-05-07 15:33:15";"2025-05-07 15:42:51";"F1091C26-ACE7-40C9-9013-F5FA0266B7D4";"EUR";"SumUp";"0,50"
"Suedseite - Bakery and Roastery";"55978";"2025-05-07 16:09:39";"2025-05-07 16:10:19";"188C5AE9-F301-4910-82D6-ABEEC9A9A85A";"EUR";"SumUp";"1,00"
"Suedseite - Bakery and Roastery";"55978";"2025-05-07 17:05:19";"2025-05-07 17:06:24";"3FDE564A-9C31-4E13-BC91-CBBF5072739C";"EUR";"SumUp";"1,53"
"Suedseite - Bakery and Roastery";"55978";"2025-05-07 17:06:41";"2025-05-07 17:08:00";"799FFC6A-013B-425B-A9C1-F444A62B1957";"EUR";"SumUp";"1,92"
"Suedseite - Bakery and Roastery";"55978";"2025-05-07 14:16:09";"2025-05-07 17:16:57";"9BB4881F-7612-4A86-8749-501AA3E3AC9D";"EUR";"SumUp";"2,14"
"Suedseite - Bakery and Roastery";"55978";"2025-05-08 09:54:44";"2025-05-08 09:57:21";"31E39A46-3917-48F7-8398-EC49A3389B68";"EUR";"SumUp";"2,06"
"Suedseite - Bakery and Roastery";"55978";"2025-05-08 10:20:56";"2025-05-08 10:23:22";"115DE93F-2951-427D-9311-FD10A80214DA";"EUR";"SumUp";"1,00"
"Suedseite - Bakery and Roastery";"55978";"2025-05-08 11:00:09";"2025-05-08 11:01:59";"8B914F2F-5836-468D-88CE-A91A13A7101E";"EUR";"SumUp";"1,39"
"Suedseite - Bakery and Roastery";"55978";"2025-05-08 11:17:39";"2025-05-08 11:19:36";"B40EC74A-EF63-40BB-9DDA-6B6953C4926B";"EUR";"SumUp";"1,00"
"Suedseite - Bakery and Roastery";"55978";"2025-05-08 11:30:45";"2025-05-08 11:31:35";"47E2F06C-0E74-4A1E-AB19-20F8D98A4038";"EUR";"SumUp";"1,00"
"Suedseite - Bakery and Roastery";"55978";"2025-05-08 11:31:49";"2025-05-08 11:33:06";"3DA1697A-77FD-4A35-96BE-8EDFFBBE7111";"EUR";"SumUp";"0,50"
"Suedseite - Bakery and Roastery";"55978";"2025-05-08 11:33:21";"2025-05-08 11:35:53";"3C08E3C3-8BC5-4990-9452-F36CF849F7C1";"EUR";"SumUp";"1,05"
"Suedseite - Bakery and Roastery";"55978";"2025-05-08 11:52:32";"2025-05-08 11:53:22";"83CE5AD8-EB2D-4898-8839-08174074070C";"EUR";"SumUp";"1,00"
"Suedseite - Bakery and Roastery";"55978";"2025-05-08 12:13:18";"2025-05-08 12:14:40";"A923C2DA-BDF1-4F8D-83C7-6E9BD26832C5";"EUR";"SumUp";"1,00"
"Suedseite - Bakery and Roastery";"55978";"2025-05-08 12:14:46";"2025-05-08 12:15:21";"A9778B39-16BE-478C-8901-982B96BC2595";"EUR";"SumUp";"1,00"
"Suedseite - Bakery and Roastery";"55978";"2025-05-08 12:16:45";"2025-05-08 12:17:32";"B1397DB6-209B-4A87-96C3-9835F625FD5A";"EUR";"SumUp";"1,00"
"Suedseite - Bakery and Roastery";"55978";"2025-05-08 12:18:57";"2025-05-08 12:20:08";"9B83320E-D440-4990-B4BD-B1E6BE8088DE";"EUR";"SumUp";"1,02"
"Suedseite - Bakery and Roastery";"55978";"2025-05-08 12:23:57";"2025-05-08 12:24:53";"FE8CC7E8-C816-440B-95F6-70CDB5718EBF";"EUR";"SumUp";"1,00"
"Suedseite - Bakery and Roastery";"55978";"2025-05-08 13:06:45";"2025-05-08 13:10:26";"37C41B06-57BD-4E2C-9428-7D44FA024D3A";"EUR";"SumUp";"1,00"
"Suedseite - Bakery and Roastery";"55978";"2025-05-08 13:53:39";"2025-05-08 13:55:42";"F97D462C-B920-4571-9AD3-DDAB09D27AC9";"EUR";"SumUp";"1,00"
"Suedseite - Bakery and Roastery";"55978";"2025-05-08 14:29:39";"2025-05-08 14:32:07";"BAB6244A-BB7E-4B44-9B3C-AE47E3A529AF";"EUR";"SumUp";"1,30"
"Suedseite - Bakery and Roastery";"55978";"2025-05-08 15:14:28";"2025-05-08 15:15:33";"EA85157E-4035-484D-B7D5-4BF886629B27";"EUR";"SumUp";"2,53"
"Suedseite - Bakery and Roastery";"55978";"2025-05-08 15:12:13";"2025-05-08 15:17:59";"7C2A57F2-AAF2-4913-95CF-93D87C33E792";"EUR";"SumUp";"1,93"
"Suedseite - Bakery and Roastery";"55978";"2025-05-08 16:02:49";"2025-05-08 16:04:32";"806B65A7-2850-4A44-80A0-4902125D748C";"EUR";"SumUp";"1,00"
"Suedseite - Bakery and Roastery";"55978";"2025-05-08 17:50:42";"2025-05-08 17:52:09";"C5BEB3BB-A99C-478B-9329-399688327E5E";"EUR";"SumUp";"1,83"
"Suedseite - Bakery and Roastery";"55978";"2025-05-08 17:52:12";"2025-05-08 17:52:50";"AD8BB26F-DD9B-4BEB-AD15-2CB7E1C83B76";"EUR";"SumUp";"0,80"
"Suedseite - Bakery and Roastery";"55978";"2025-05-09 10:03:00";"2025-05-09 10:04:28";"7249696A-97CD-4B19-AE7E-B3437EDDFF5E";"EUR";"SumUp";"0,70"
"Suedseite - Bakery and Roastery";"55978";"2025-05-09 10:38:01";"2025-05-09 10:39:30";"5CC3F304-7BA2-4D44-A8E6-28BD31F5C399";"EUR";"SumUp";"0,50"
"Suedseite - Bakery and Roastery";"55978";"2025-05-09 11:14:54";"2025-05-09 11:15:42";"086E3955-60B6-4456-87EB-9A15B20D356A";"EUR";"SumUp";"1,06"
"Suedseite - Bakery and Roastery";"55978";"2025-05-09 11:15:49";"2025-05-09 11:16:43";"10042199-0C3A-4A0D-9D91-34B7458DDFD6";"EUR";"SumUp";"1,08"
"Suedseite - Bakery and Roastery";"55978";"2025-05-09 11:41:55";"2025-05-09 11:44:11";"1F1E774B-648A-4721-9CDB-71298139B21C";"EUR";"SumUp";"2,04"
"Suedseite - Bakery and Roastery";"55978";"2025-05-09 11:55:52";"2025-05-09 11:58:40";"F531DECD-3538-48DC-A7C7-7AB80E5BF6FC";"EUR";"SumUp";"1,00"
"Suedseite - Bakery and Roastery";"55978";"2025-05-09 12:01:59";"2025-05-09 12:04:57";"0CE38BC6-693D-4234-8246-5435380E74A0";"EUR";"SumUp";"1,55"
"Suedseite - Bakery and Roastery";"55978";"2025-05-09 12:05:02";"2025-05-09 12:05:39";"3A06E13F-B6BE-4A96-94E5-EE8F6DF2C02C";"EUR";"SumUp";"1,00"
"Suedseite - Bakery and Roastery";"55978";"2025-05-09 12:08:28";"2025-05-09 12:09:39";"65E24B42-4082-4925-899D-6556607FDA48";"EUR";"SumUp";"2,70"
"Suedseite - Bakery and Roastery";"55978";"2025-05-09 12:23:43";"2025-05-09 12:25:25";"98D31190-CBE2-4128-A426-A22247A98951";"EUR";"SumUp";"1,70"
"Suedseite - Bakery and Roastery";"55978";"2025-05-09 13:01:35";"2025-05-09 13:03:53";"DA2FDB8A-4371-4BA4-AE49-56AE1159C16C";"EUR";"SumUp";"2,25"
"Suedseite - Bakery and Roastery";"55978";"2025-05-09 13:16:10";"2025-05-09 13:16:28";"283F9700-BE92-48D7-A527-20D69B46FAEA";"EUR";"SumUp";"1,00"
"Suedseite - Bakery and Roastery";"55978";"2025-05-09 13:27:07";"2025-05-09 13:27:33";"DABCBF5F-8468-4CE2-A44D-9FD0A3179FA5";"EUR";"SumUp";"1,00"
"Suedseite - Bakery and Roastery";"55978";"2025-05-09 13:36:08";"2025-05-09 13:37:22";"C99B3F1F-AC04-484B-9489-A57008851B05";"EUR";"SumUp";"1,17"
"Suedseite - Bakery and Roastery";"55978";"2025-05-09 14:14:54";"2025-05-09 14:15:34";"37448F4B-7445-4E21-AD67-8DC3C5ECD1EF";"EUR";"SumUp";"1,22"
"Suedseite - Bakery and Roastery";"55978";"2025-05-09 15:15:20";"2025-05-09 15:17:27";"3A5CD46C-665E-44DA-AE08-CD4E5036E500";"EUR";"SumUp";"1,16"
"Suedseite - Bakery and Roastery";"55978";"2025-05-09 15:17:49";"2025-05-09 15:19:32";"31F55639-A78D-4540-9694-9CEFAACD6624";"EUR";"SumUp";"1,48"
"Suedseite - Bakery and Roastery";"55978";"2025-05-09 16:13:30";"2025-05-09 16:16:10";"90DB480B-F6A1-49E0-9D17-E49712E434C2";"EUR";"SumUp";"4,28"
"Suedseite - Bakery and Roastery";"55978";"2025-05-09 16:16:27";"2025-05-09 16:17:11";"F4EDB1A8-13EA-4A81-83CD-BCFE27465E7D";"EUR";"SumUp";"1,00"
"Suedseite - Bakery and Roastery";"55978";"2025-05-09 16:26:12";"2025-05-09 16:38:54";"4E85F141-923D-4E35-B35E-EA1546E60D65";"EUR";"SumUp";"1,00"
"Suedseite - Bakery and Roastery";"55978";"2025-05-09 16:59:50";"2025-05-09 17:02:24";"832840CD-A4FC-4183-8E13-0237C5590FE6";"EUR";"SumUp";"1,00"
"Suedseite - Bakery and Roastery";"55978";"2025-05-09 17:21:32";"2025-05-09 17:26:56";"B08E9C33-65EF-4235-86A2-0C59EA7ABB0D";"EUR";"SumUp";"1,00"
"Suedseite - Bakery and Roastery";"55978";"2025-05-10 10:37:06";"2025-05-10 10:37:46";"F5A0BCCB-3C22-43CF-B86C-A1571C234808";"EUR";"SumUp";"1,07"
"Suedseite - Bakery and Roastery";"55978";"2025-05-10 10:53:17";"2025-05-10 10:55:03";"9A354897-6679-489A-BAF1-CDCFE0AE71B6";"EUR";"SumUp";"1,49"
"Suedseite - Bakery and Roastery";"55978";"2025-05-10 10:55:28";"2025-05-10 10:56:24";"FD9C260E-CB7B-402A-A3BA-800DE6F001EA";"EUR";"SumUp";"1,05"
"Suedseite - Bakery and Roastery";"55978";"2025-05-10 10:56:29";"2025-05-10 10:57:26";"E6CE2B67-6613-4083-BAD8-89708BD9BD2C";"EUR";"SumUp";"1,49"
"Suedseite - Bakery and Roastery";"55978";"2025-05-10 11:41:59";"2025-05-10 11:43:14";"B79D82E5-D6BC-4C73-920B-43ECC146F983";"EUR";"SumUp";"1,00"
"Suedseite - Bakery and Roastery";"55978";"2025-05-10 12:07:15";"2025-05-10 12:07:57";"86BB1A09-F6CD-4122-A082-1271401989F5";"EUR";"SumUp";"2,00"
"Suedseite - Bakery and Roastery";"55978";"2025-05-10 12:12:36";"2025-05-10 12:14:19";"097DAECB-E473-4229-8CD3-A8EB3C630F57";"EUR";"SumUp";"1,28"
"Suedseite - Bakery and Roastery";"55978";"2025-05-10 12:20:57";"2025-05-10 12:23:10";"72B0E69E-8DAA-46A1-875D-CBF698B12371";"EUR";"SumUp";"1,06"
"Suedseite - Bakery and Roastery";"55978";"2025-05-10 12:23:16";"2025-05-10 12:26:31";"1FB40AF5-8131-42D6-BA35-4516EBC94729";"EUR";"SumUp";"2,21"
"Suedseite - Bakery and Roastery";"55978";"2025-05-10 12:30:50";"2025-05-10 12:31:22";"39C27991-C5C1-4E9C-BBA5-FA17AF3EE8BB";"EUR";"SumUp";"0,50"
"Suedseite - Bakery and Roastery";"55978";"2025-05-10 11:39:40";"2025-05-10 12:33:29";"17B64E51-0310-4C7D-8D8F-98BE677DD4AD";"EUR";"SumUp";"2,42"
"Suedseite - Bakery and Roastery";"55978";"2025-05-10 12:36:53";"2025-05-10 12:38:30";"BF61534B-D32C-4AAA-8750-1FA3D11CD7C5";"EUR";"SumUp";"2,13"
"Suedseite - Bakery and Roastery";"55978";"2025-05-10 12:49:47";"2025-05-10 12:50:42";"BFD66A54-B8B8-467A-B72E-9F898A433914";"EUR";"SumUp";"1,00"
"Suedseite - Bakery and Roastery";"55978";"2025-05-10 12:52:09";"2025-05-10 12:53:01";"E6F74552-A138-477F-BC22-B8D7121E458B";"EUR";"SumUp";"1,16"
"Suedseite - Bakery and Roastery";"55978";"2025-05-10 13:06:08";"2025-05-10 13:07:27";"8B15DAC0-799E-4B92-93F4-F656A7D483AA";"EUR";"SumUp";"1,40"
"Suedseite - Bakery and Roastery";"55978";"2025-05-10 13:22:38";"2025-05-10 13:23:49";"2CBAE705-BC1D-4E22-93A1-743305E7C2E5";"EUR";"SumUp";"1,00"
"Suedseite - Bakery and Roastery";"55978";"2025-05-10 14:02:15";"2025-05-10 14:05:19";"CA8A564F-2382-4B9A-A8A1-AD807E058121";"EUR";"SumUp";"2,01"
"Suedseite - Bakery and Roastery";"55978";"2025-05-10 14:39:41";"2025-05-10 14:41:15";"B0C3C3EB-B5EB-440F-903F-FF0064C7D027";"EUR";"SumUp";"1,00"
"Suedseite - Bakery and Roastery";"55978";"2025-05-10 14:16:13";"2025-05-10 15:00:59";"7FC2F509-5D98-411B-BC04-8448294DEE91";"EUR";"SumUp";"5,72"
"Suedseite - Bakery and Roastery";"55978";"2025-05-10 15:01:11";"2025-05-10 15:02:00";"3F350E89-449E-42B1-A7F8-618A6BE8BEBD";"EUR";"SumUp";"1,00"
"Suedseite - Bakery and Roastery";"55978";"2025-05-10 15:08:58";"2025-05-10 15:10:18";"8706962F-F10A-40CC-8833-A65EA4BC36BF";"EUR";"SumUp";"2,28"
"Suedseite - Bakery and Roastery";"55978";"2025-05-10 15:18:07";"2025-05-10 15:20:05";"57EFB63B-EDAC-4B05-9BE6-226930AE0319";"EUR";"SumUp";"1,13"
"Suedseite - Bakery and Roastery";"55978";"2025-05-10 15:36:37";"2025-05-10 15:37:32";"843596FE-5D36-4078-B26A-6229F0AD9AD5";"EUR";"SumUp";"1,51"
"Suedseite - Bakery and Roastery";"55978";"2025-05-10 15:50:39";"2025-05-10 15:51:36";"C9B24B19-E467-472D-B964-74F0F48525B9";"EUR";"SumUp";"1,00"
"Suedseite - Bakery and Roastery";"55978";"2025-05-10 15:53:10";"2025-05-10 15:53:58";"0AE2A305-DE19-45AA-B330-48B79EF5C31A";"EUR";"SumUp";"1,50"
"Suedseite - Bakery and Roastery";"55978";"2025-05-10 16:13:34";"2025-05-10 16:19:40";"E68A0C26-1929-479A-A132-794235D99AA2";"EUR";"SumUp";"0,80"
"Suedseite - Bakery and Roastery";"55978";"2025-05-10 16:19:46";"2025-05-10 16:20:18";"06DB4735-7B45-49BE-9200-600393524259";"EUR";"SumUp";"2,00"
"Suedseite - Bakery and Roastery";"55978";"2025-05-10 16:20:35";"2025-05-10 16:23:34";"66F163B6-0FDB-4643-8A53-431CA1D3960A";"EUR";"SumUp";"0,50"
"Suedseite - Bakery and Roastery";"55978";"2025-05-10 16:29:55";"2025-05-10 16:31:34";"1D53C839-057D-4F06-B2C2-50B63587FDD9";"EUR";"SumUp";"1,50"
"Suedseite - Bakery and Roastery";"55978";"2025-05-10 16:36:23";"2025-05-10 16:46:36";"36974491-300A-48E2-8F0C-714BF09FB7E7";"EUR";"SumUp";"0,60"
"Suedseite - Bakery and Roastery";"55978";"2025-05-10 15:51:41";"2025-05-10 16:52:53";"DD01ED8E-5A7E-437A-93FB-34579C5515D3";"EUR";"SumUp";"2,63"
"Suedseite - Bakery and Roastery";"55978";"2025-05-10 17:05:21";"2025-05-10 17:07:15";"FDAAFF8C-1DE2-4102-8C8A-431ED937D7B3";"EUR";"SumUp";"1,25"
"Suedseite - Bakery and Roastery";"55978";"2025-05-10 17:07:45";"2025-05-10 17:09:53";"AAC17714-FC35-487B-B8CF-D3F87AACDCB5";"EUR";"SumUp";"0,90"
"Suedseite - Bakery and Roastery";"55978";"2025-05-11 09:55:32";"2025-05-11 09:56:53";"FE0E794A-A6FA-4605-B7EC-27AAF1CC19B3";"EUR";"SumUp";"3,82"
"Suedseite - Bakery and Roastery";"55978";"2025-05-11 10:21:01";"2025-05-11 10:22:25";"43A60464-61A3-471B-AA2B-2C8F9B1FA8F9";"EUR";"SumUp";"1,17"
"Suedseite - Bakery and Roastery";"55978";"2025-05-11 10:28:55";"2025-05-11 10:32:05";"BAD8115B-E3AD-4F3E-A745-8E06842F7763";"EUR";"SumUp";"1,00"
"Suedseite - Bakery and Roastery";"55978";"2025-05-11 10:32:22";"2025-05-11 10:35:57";"CF1AD3FC-F873-4E7E-9F46-62C11A41DCB8";"EUR";"SumUp";"2,22"
"Suedseite - Bakery and Roastery";"55978";"2025-05-11 11:37:23";"2025-05-11 11:38:35";"105765B2-B12B-4DF6-BCA6-0CC391BBABF3";"EUR";"SumUp";"1,00"
"Suedseite - Bakery and Roastery";"55978";"2025-05-11 11:39:24";"2025-05-11 11:40:56";"61E93552-AE09-4A88-8000-B8B7F67CEA9C";"EUR";"SumUp";"1,00"
"Suedseite - Bakery and Roastery";"55978";"2025-05-11 11:56:28";"2025-05-11 11:56:56";"51585422-D2E6-45A8-91C2-2D724DADB488";"EUR";"SumUp";"1,00"
"Suedseite - Bakery and Roastery";"55978";"2025-05-11 11:56:59";"2025-05-11 12:00:19";"3C762DD8-A606-4023-9C3F-5913D48A24A5";"EUR";"SumUp";"1,00"
"Suedseite - Bakery and Roastery";"55978";"2025-05-11 12:36:49";"2025-05-11 12:40:02";"935BF902-458D-45C6-A0EC-1D3B171C6751";"EUR";"SumUp";"1,00"
"Suedseite - Bakery and Roastery";"55978";"2025-05-11 13:22:49";"2025-05-11 13:23:23";"BD5F0AD1-735F-4EBA-9D9F-A648796BC58E";"EUR";"SumUp";"1,00"
"Suedseite - Bakery and Roastery";"55978";"2025-05-11 13:31:44";"2025-05-11 13:34:32";"E4711414-72EB-4B19-9928-87460DB474F3";"EUR";"SumUp";"2,52"
"Suedseite - Bakery and Roastery";"55978";"2025-05-11 13:36:34";"2025-05-11 13:38:22";"90B4FD26-7922-4566-ADF2-27872360E27F";"EUR";"SumUp";"1,00"
"Suedseite - Bakery and Roastery";"55978";"2025-05-11 13:46:01";"2025-05-11 13:48:30";"14AA069C-B645-43F3-8927-C23B21DF6C3F";"EUR";"SumUp";"1,42"
"Suedseite - Bakery and Roastery";"55978";"2025-05-11 13:54:52";"2025-05-11 13:58:42";"C6112FC2-523D-4E96-AFAF-8F0C681E6DAB";"EUR";"SumUp";"1,00"
"Suedseite - Bakery and Roastery";"55978";"2025-05-11 14:10:42";"2025-05-11 14:11:40";"07F09949-9251-4B00-849A-E1FF80A547BF";"EUR";"SumUp";"0,50"
"Suedseite - Bakery and Roastery";"55978";"2025-05-11 13:17:31";"2025-05-11 14:28:03";"5F303801-70DA-45E0-BE93-2CCC00D2F7D1";"EUR";"SumUp";"1,00"
"Suedseite - Bakery and Roastery";"55978";"2025-05-11 14:34:27";"2025-05-11 14:38:10";"E24A1295-ED68-4D83-A725-40BFF291BBC3";"EUR";"SumUp";"1,00"
"Suedseite - Bakery and Roastery";"55978";"2025-05-11 14:38:18";"2025-05-11 14:40:26";"779A0A44-1A5C-4386-865B-6A9E98CCA9DA";"EUR";"SumUp";"1,62"
"Suedseite - Bakery and Roastery";"55978";"2025-05-11 14:45:44";"2025-05-11 14:48:13";"71E146D5-7910-419E-9184-2534E15281B5";"EUR";"SumUp";"1,20"
"Suedseite - Bakery and Roastery";"55978";"2025-05-11 15:07:10";"2025-05-11 15:08:24";"1C828ACF-33B1-4273-BC37-CEF107EBFAAE";"EUR";"SumUp";"1,15"
"Suedseite - Bakery and Roastery";"55978";"2025-05-11 15:14:33";"2025-05-11 15:15:48";"3D50A9F9-583B-4342-932B-6D21CF7C47CC";"EUR";"SumUp";"1,05"
"Suedseite - Bakery and Roastery";"55978";"2025-05-11 15:15:57";"2025-05-11 15:17:23";"69C29943-6E73-4F9C-836C-4204F3F974BB";"EUR";"SumUp";"1,00"
"Suedseite - Bakery and Roastery";"55978";"2025-05-11 15:32:49";"2025-05-11 15:35:06";"09B4E6ED-1A8E-4DDE-A153-69748C82E968";"EUR";"SumUp";"1,68"
"Suedseite - Bakery and Roastery";"55978";"2025-05-11 15:45:30";"2025-05-11 15:47:04";"B8585D41-0538-4253-B67D-1F0EBEC37117";"EUR";"SumUp";"1,00"
"Suedseite - Bakery and Roastery";"55978";"2025-05-11 15:49:11";"2025-05-11 15:51:54";"54346C58-D713-4056-92F9-3A4543B84C4F";"EUR";"SumUp";"1,00"
"Suedseite - Bakery and Roastery";"55978";"2025-05-11 15:55:49";"2025-05-11 15:59:05";"7BCB41BE-5731-47F0-9F04-9C1FC9770F34";"EUR";"SumUp";"1,00"
"Suedseite - Bakery and Roastery";"55978";"2025-05-11 16:02:57";"2025-05-11 16:04:34";"C60555E7-B9EF-485D-8D73-537E11C8930D";"EUR";"SumUp";"2,60"
"Suedseite - Bakery and Roastery";"55978";"2025-05-11 16:36:18";"2025-05-11 16:37:00";"B6595A7C-4AF2-4584-AA2E-94C34523D3DB";"EUR";"SumUp";"1,00"
"Suedseite - Bakery and Roastery";"55978";"2025-05-11 16:42:29";"2025-05-11 16:43:44";"87282C53-7670-46B2-9804-F47D61D42D28";"EUR";"SumUp";"1,09"
"Suedseite - Bakery and Roastery";"55978";"2025-05-11 16:54:20";"2025-05-11 17:01:06";"836A1B8B-054B-410F-848C-B48A137E73B2";"EUR";"SumUp";"1,73"
"Suedseite - Bakery and Roastery";"55978";"2025-05-11 17:12:48";"2025-05-11 17:15:00";"1AC4107C-0CD4-48E7-99FB-0F8218F35383";"EUR";"SumUp";"1,05"
"Suedseite - Bakery and Roastery";"55978";"2025-05-11 17:23:11";"2025-05-11 17:24:24";"14BA42B3-6B21-4431-9245-6B12459F23A7";"EUR";"SumUp";"1,00"
"Suedseite - Bakery and Roastery";"55978";"2025-05-11 17:26:47";"2025-05-11 17:28:50";"CA71E153-C05B-43C8-B022-406470E6FD14";"EUR";"SumUp";"1,19"
"Suedseite - Bakery and Roastery";"55978";"2025-05-11 17:33:41";"2025-05-11 17:41:23";"2F810385-CB8A-41DD-844B-5ACA03D0EAB4";"EUR";"SumUp";"1,00"
"Suedseite - Bakery and Roastery";"55978";"2025-05-13 09:42:31";"2025-05-13 09:48:30";"7FBC54BA-7E23-45F9-9416-98EEA8D97E0D";"EUR";"SumUp";"2,06"
"Suedseite - Bakery and Roastery";"55978";"2025-05-13 11:25:55";"2025-05-13 11:27:03";"8D490563-6266-4052-9ADB-91392DF72FE6";"EUR";"SumUp";"1,00"
"Suedseite - Bakery and Roastery";"55978";"2025-05-13 11:38:07";"2025-05-13 11:41:02";"CF4A10D1-EE39-4426-9818-6358C443B2F4";"EUR";"SumUp";"1,31"
"Suedseite - Bakery and Roastery";"55978";"2025-05-13 13:08:32";"2025-05-13 13:09:33";"84D34132-BBD1-4819-91D2-413654FDA497";"EUR";"SumUp";"1,00"
"Suedseite - Bakery and Roastery";"55978";"2025-05-13 13:53:00";"2025-05-13 13:53:53";"BC86EB14-E0FA-4E13-8CF9-34A390547FD1";"EUR";"SumUp";"1,00"
"Suedseite - Bakery and Roastery";"55978";"2025-05-13 15:26:22";"2025-05-13 15:32:41";"F0B4E2CB-F1E4-4BA0-8284-909057285C70";"EUR";"SumUp";"1,48"
"Suedseite - Bakery and Roastery";"55978";"2025-05-13 16:03:05";"2025-05-13 16:04:26";"10CC20EB-B80E-4614-9F9D-31B983E8EB44";"EUR";"SumUp";"2,10"
"Suedseite - Bakery and Roastery";"55978";"2025-05-13 16:08:24";"2025-05-13 16:14:28";"38175551-47A4-4BCE-A258-4D10AB239022";"EUR";"SumUp";"1,50"
"Suedseite - Bakery and Roastery";"55978";"2025-05-13 16:31:26";"2025-05-13 16:32:31";"0F9BDC95-5CFA-4D89-8533-E136770B0781";"EUR";"SumUp";"1,00"
"Suedseite - Bakery and Roastery";"55978";"2025-05-13 16:32:37";"2025-05-13 16:50:52";"49027D77-37C5-456B-AE4E-DE973B777125";"EUR";"SumUp";"1,00"
"Suedseite - Bakery and Roastery";"55978";"2025-05-13 16:50:56";"2025-05-13 16:54:56";"67FAE4A2-E6D8-4C64-8B67-A646F799200F";"EUR";"SumUp";"2,50"
"Suedseite - Bakery and Roastery";"55978";"2025-05-13 17:06:18";"2025-05-13 17:08:43";"65802D95-9C20-41BF-99FC-2753810B32D6";"EUR";"SumUp";"0,70"
"Suedseite - Bakery and Roastery";"55978";"2025-05-13 17:45:23";"2025-05-13 17:46:46";"25040943-7D1E-4148-8AD9-B5D2E189A281";"EUR";"SumUp";"1,06"
"Suedseite - Bakery and Roastery";"55978";"2025-05-13 18:14:37";"2025-05-13 18:32:08";"1B922003-B8FF-43D1-B021-668AAC8401DF";"EUR";"SumUp";"1,00"
"Suedseite - Bakery and Roastery";"55978";"2025-05-14 09:48:36";"2025-05-14 09:49:03";"AE397F57-D7D6-41D4-AD2B-9F87CD8367ED";"EUR";"SumUp";"1,00"
"Suedseite - Bakery and Roastery";"55978";"2025-05-14 10:24:59";"2025-05-14 10:26:14";"5E936596-5400-4C0C-A1E6-55B7DB467A9B";"EUR";"SumUp";"1,00"
"Suedseite - Bakery and Roastery";"55978";"2025-05-14 11:47:09";"2025-05-14 11:47:40";"F94AEC79-D5A8-4248-955A-38386191E0F2";"EUR";"SumUp";"1,00"
"Suedseite - Bakery and Roastery";"55978";"2025-05-14 12:01:26";"2025-05-14 12:04:37";"D081CCDB-4579-409A-A3C8-9ACD361B84D9";"EUR";"SumUp";"1,00"
"Suedseite - Bakery and Roastery";"55978";"2025-05-14 12:36:23";"2025-05-14 12:37:17";"7221AE1D-6E7F-4B07-87DD-67AC3EB8FD33";"EUR";"SumUp";"1,00"
"Suedseite - Bakery and Roastery";"55978";"2025-05-14 10:05:46";"2025-05-14 12:47:28";"82DCEDEE-6266-4450-82EC-F2B38088521C";"EUR";"SumUp";"5,20"
"Suedseite - Bakery and Roastery";"55978";"2025-05-14 13:01:50";"2025-05-14 13:02:30";"BB06D085-A108-44AB-94AA-E4237BF96790";"EUR";"SumUp";"1,00"
"Suedseite - Bakery and Roastery";"55978";"2025-05-14 13:49:10";"2025-05-14 13:52:44";"D37E2FD7-0AC4-467F-A87D-DA698E9461DC";"EUR";"SumUp";"1,41"
"Suedseite - Bakery and Roastery";"55978";"2025-05-14 15:00:30";"2025-05-14 16:12:38";"67D0C9BB-E408-486B-8AEB-89D97A610385";"EUR";"SumUp";"1,00"
"Suedseite - Bakery and Roastery";"55978";"2025-05-14 14:58:40";"2025-05-14 16:13:28";"D673E715-2F35-48EF-B957-92759BF6B23B";"EUR";"SumUp";"1,06"
"Suedseite - Bakery and Roastery";"55978";"2025-05-14 16:18:16";"2025-05-14 16:22:00";"16D69179-8C87-4B11-9FD8-2835D956E712";"EUR";"SumUp";"1,86"
"Suedseite - Bakery and Roastery";"55978";"2025-05-14 17:31:47";"2025-05-14 17:34:31";"E6E0FA73-006A-40E3-B54A-65E4CB878088";"EUR";"SumUp";"1,16"
"Suedseite - Bakery and Roastery";"55978";"2025-05-15 09:31:55";"2025-05-15 09:32:26";"3D37AE0A-9C8F-4D00-94CA-43B2C4E256F3";"EUR";"SumUp";"1,00"
"Suedseite - Bakery and Roastery";"55978";"2025-05-15 09:55:38";"2025-05-15 10:01:09";"05B5A0F2-EDB0-498B-9D04-427D84A62E41";"EUR";"SumUp";"8,40"
"Suedseite - Bakery and Roastery";"55978";"2025-05-15 10:16:07";"2025-05-15 10:16:58";"E51561CC-8B3B-4D89-962A-3D23B3C57FCD";"EUR";"SumUp";"2,00"
"Suedseite - Bakery and Roastery";"55978";"2025-05-15 10:17:01";"2025-05-15 10:21:09";"89BC7401-35B0-4407-A2A3-513086E7CEBE";"EUR";"SumUp";"2,00"
"Suedseite - Bakery and Roastery";"55978";"2025-05-15 09:36:51";"2025-05-15 10:28:56";"13BAB552-8241-42B3-A6ED-9B63A623BE23";"EUR";"SumUp";"2,45"
"Suedseite - Bakery and Roastery";"55978";"2025-05-15 10:33:15";"2025-05-15 10:35:03";"706F43FD-3335-4680-8D8D-128DC75539DC";"EUR";"SumUp";"1,00"
"Suedseite - Bakery and Roastery";"55978";"2025-05-15 10:36:18";"2025-05-15 10:38:17";"05A7A96C-4228-484F-A095-5474931920DD";"EUR";"SumUp";"1,39"
"Suedseite - Bakery and Roastery";"55978";"2025-05-15 10:41:10";"2025-05-15 10:44:47";"282A937C-BB0D-4A8B-B645-2948C16F88C6";"EUR";"SumUp";"1,62"
"Suedseite - Bakery and Roastery";"55978";"2025-05-15 11:21:38";"2025-05-15 11:24:51";"48864B48-53B1-4E93-97E9-1D697C3AD902";"EUR";"SumUp";"1,72"
"Suedseite - Bakery and Roastery";"55978";"2025-05-15 11:24:59";"2025-05-15 11:26:21";"6A1AED5C-0B5E-49CF-8681-6CC17D833226";"EUR";"SumUp";"1,00"
"Suedseite - Bakery and Roastery";"55978";"2025-05-15 13:07:18";"2025-05-15 13:08:06";"BB120B38-3D53-4A23-B4D5-F30BEF36B016";"EUR";"SumUp";"1,00"
"Suedseite - Bakery and Roastery";"55978";"2025-05-15 13:14:56";"2025-05-15 13:15:25";"FAA3B502-7885-4430-B0CD-8C06B724503A";"EUR";"SumUp";"1,00"
"Suedseite - Bakery and Roastery";"55978";"2025-05-15 13:24:19";"2025-05-15 14:11:58";"1B27C858-28F6-4566-BD23-034D94A38935";"EUR";"SumUp";"1,19"
"Suedseite - Bakery and Roastery";"55978";"2025-05-15 15:54:51";"2025-05-15 15:59:29";"D0C820B7-DDE7-4F4E-9431-1DA960670050";"EUR";"SumUp";"4,62"
"Suedseite - Bakery and Roastery";"55978";"2025-05-15 16:26:07";"2025-05-15 16:32:38";"028C137E-F316-4640-A09B-D2CD9D70051D";"EUR";"SumUp";"1,98"
"Suedseite - Bakery and Roastery";"55978";"2025-05-15 16:57:36";"2025-05-15 17:00:24";"1D4FC90A-9E5F-4CF1-80A4-B9F3FC627FB6";"EUR";"SumUp";"1,57"
"Suedseite - Bakery and Roastery";"55978";"2025-05-16 10:43:42";"2025-05-16 10:46:17";"6E76C682-0665-4762-9DEC-C09E58F68151";"EUR";"SumUp";"1,52"
"Suedseite - Bakery and Roastery";"55978";"2025-05-16 10:55:24";"2025-05-16 10:55:49";"F77DAD20-9B8D-4586-ACE6-7B10908320EA";"EUR";"SumUp";"1,00"
"Suedseite - Bakery and Roastery";"55978";"2025-05-16 11:16:25";"2025-05-16 11:19:38";"BECCFF22-3825-4928-9ED7-02121A24D710";"EUR";"SumUp";"1,00"
"Suedseite - Bakery and Roastery";"55978";"2025-05-16 11:45:08";"2025-05-16 11:47:05";"FA3A2CC0-DCE4-422F-9948-FBC4B7636298";"EUR";"SumUp";"1,50"
"Suedseite - Bakery and Roastery";"55978";"2025-05-16 12:25:55";"2025-05-16 12:38:48";"560E230A-AB70-455B-9AED-199318C4C066";"EUR";"SumUp";"2,00"
"Suedseite - Bakery and Roastery";"55978";"2025-05-16 13:22:24";"2025-05-16 13:23:16";"B216C3C6-C1CE-4007-9A84-6F3D2E480736";"EUR";"SumUp";"1,40"
"Suedseite - Bakery and Roastery";"55978";"2025-05-16 13:30:14";"2025-05-16 13:33:08";"F9BC2240-63C2-413A-92CE-E7A4ECB59C24";"EUR";"SumUp";"2,12"
"Suedseite - Bakery and Roastery";"55978";"2025-05-16 13:34:00";"2025-05-16 13:35:47";"900189EC-4BEF-4260-AA48-5208E9E2D859";"EUR";"SumUp";"3,42"
"Suedseite - Bakery and Roastery";"55978";"2025-05-16 13:35:53";"2025-05-16 13:38:05";"F4DCBADC-040C-46E3-81EC-EB728151E25B";"EUR";"SumUp";"1,16"
"Suedseite - Bakery and Roastery";"55978";"2025-05-16 13:41:00";"2025-05-16 13:42:22";"CC316900-5DA9-4C5A-887B-502CE4894942";"EUR";"SumUp";"2,06"
"Suedseite - Bakery and Roastery";"55978";"2025-05-16 15:28:57";"2025-05-16 15:33:48";"F21B914F-B225-4C1B-88BB-429C6AE37AF5";"EUR";"SumUp";"2,00"
"Suedseite - Bakery and Roastery";"55978";"2025-05-16 15:46:27";"2025-05-16 15:47:45";"00036137-A668-4CF8-9B06-E8BB5F033D1F";"EUR";"SumUp";"2,00"
"Suedseite - Bakery and Roastery";"55978";"2025-05-16 15:57:41";"2025-05-16 16:00:27";"9EF239FF-94E0-4276-A87B-833625C9B19F";"EUR";"SumUp";"0,70"
"Suedseite - Bakery and Roastery";"55978";"2025-05-16 16:04:03";"2025-05-16 16:04:48";"58F317D4-B7EA-481A-B64A-6189223A4DE0";"EUR";"SumUp";"1,00"
"Suedseite - Bakery and Roastery";"55978";"2025-05-16 16:35:03";"2025-05-16 16:37:00";"14F0CF33-364E-4B52-AB12-DE8CAC740DA7";"EUR";"SumUp";"1,00"
"Suedseite - Bakery and Roastery";"55978";"2025-05-16 16:42:33";"2025-05-16 16:44:44";"E070B7E0-8514-450C-84DF-FC9BCD9E0446";"EUR";"SumUp";"1,19"
"Suedseite - Bakery and Roastery";"55978";"2025-05-17 10:50:02";"2025-05-17 10:51:38";"B7A61F75-5071-4F95-BD8D-E4AF145C4D76";"EUR";"SumUp";"1,45"
"Suedseite - Bakery and Roastery";"55978";"2025-05-17 11:04:52";"2025-05-17 11:06:19";"C91E080A-4116-406A-AE42-5973F72AD5E6";"EUR";"SumUp";"2,00"
"Suedseite - Bakery and Roastery";"55978";"2025-05-17 11:13:15";"2025-05-17 11:14:05";"990DA7E1-FE67-42A7-B17C-8078FFA038C8";"EUR";"SumUp";"1,00"
"Suedseite - Bakery and Roastery";"55978";"2025-05-17 11:14:08";"2025-05-17 11:15:51";"ABA8B40B-A7FC-446A-AA76-7DF948022AFD";"EUR";"SumUp";"1,35"
"Suedseite - Bakery and Roastery";"55978";"2025-05-17 11:26:05";"2025-05-17 11:29:41";"79B2ADA1-F59B-456D-93BF-BDFD2842BC74";"EUR";"SumUp";"1,23"
"Suedseite - Bakery and Roastery";"55978";"2025-05-17 10:58:25";"2025-05-17 11:37:50";"B80CDBE4-14FF-40A4-AD65-64EE5D3D708D";"EUR";"SumUp";"3,18"
"Suedseite - Bakery and Roastery";"55978";"2025-05-17 11:57:29";"2025-05-17 11:58:55";"B478BEFF-4531-49AA-9F05-A0CBC2B74924";"EUR";"SumUp";"1,46"
"Suedseite - Bakery and Roastery";"55978";"2025-05-17 12:50:21";"2025-05-17 12:51:05";"F1C46FFF-EA41-4885-9667-4D0A217D7E23";"EUR";"SumUp";"1,00"
"Suedseite - Bakery and Roastery";"55978";"2025-05-17 12:56:11";"2025-05-17 12:59:18";"8B91FD13-BB15-4E02-A888-5E37648153A4";"EUR";"SumUp";"2,00"
"Suedseite - Bakery and Roastery";"55978";"2025-05-17 13:02:18";"2025-05-17 13:04:52";"0AE08804-D3B0-4F4C-94A7-3A1C5911F873";"EUR";"SumUp";"2,57"
"Suedseite - Bakery and Roastery";"55978";"2025-05-17 13:45:09";"2025-05-17 14:31:24";"F9582BFD-69F7-409F-AE0E-45A38BB3CE2D";"EUR";"SumUp";"3,89"
"Suedseite - Bakery and Roastery";"55978";"2025-05-17 14:35:19";"2025-05-17 14:37:21";"FDD361FA-6C9D-4C26-8C8E-139D9628310E";"EUR";"SumUp";"1,00"
"Suedseite - Bakery and Roastery";"55978";"2025-05-17 15:07:21";"2025-05-17 15:08:38";"973C8148-FC8C-484C-969F-4033A1C772C7";"EUR";"SumUp";"1,00"
"Suedseite - Bakery and Roastery";"55978";"2025-05-17 15:08:41";"2025-05-17 15:17:59";"5CC0EFE3-1FD8-4B41-962E-D08CA868F252";"EUR";"SumUp";"1,00"
"Suedseite - Bakery and Roastery";"55978";"2025-05-17 15:49:42";"2025-05-17 15:51:44";"805617BF-0681-402F-8884-592E1360F3D2";"EUR";"SumUp";"0,80"
"Suedseite - Bakery and Roastery";"55978";"2025-05-17 16:01:40";"2025-05-17 16:03:00";"BD7A8B9B-CAE0-495C-AD00-B88C8D42D8D6";"EUR";"SumUp";"1,72"
"Suedseite - Bakery and Roastery";"55978";"2025-05-17 16:09:08";"2025-05-17 16:10:46";"21AB07A4-B262-4E8E-B152-E33F7B7DE966";"EUR";"SumUp";"1,46"
"Suedseite - Bakery and Roastery";"55978";"2025-05-17 16:21:06";"2025-05-17 16:24:04";"4355107B-CDF1-4881-87E3-19B3EC25290C";"EUR";"SumUp";"2,11"
"Suedseite - Bakery and Roastery";"55978";"2025-05-17 16:47:35";"2025-05-17 16:48:22";"8E8EC7BE-F990-42AE-B631-CD0EC27F2D29";"EUR";"SumUp";"1,00"
"Suedseite - Bakery and Roastery";"55978";"2025-05-17 17:19:18";"2025-05-17 17:21:45";"91E371EF-673D-41D6-8FA8-888A2A55F9F1";"EUR";"SumUp";"2,32"
"Suedseite - Bakery and Roastery";"55978";"2025-05-18 09:31:49";"2025-05-18 09:33:01";"96FD328D-4A9A-4971-93BD-33B4A2D6CCAE";"EUR";"SumUp";"1,06"
"Suedseite - Bakery and Roastery";"55978";"2025-05-18 09:48:54";"2025-05-18 09:49:53";"48C2636D-E576-45B8-92F4-BA193CDC8F41";"EUR";"SumUp";"1,00"
"Suedseite - Bakery and Roastery";"55978";"2025-05-18 09:51:57";"2025-05-18 09:52:46";"92EA5E9F-D96C-462A-9806-D469A6AB74B9";"EUR";"SumUp";"1,00"
"Suedseite - Bakery and Roastery";"55978";"2025-05-18 10:01:02";"2025-05-18 10:04:18";"B743905D-544D-4029-AB7D-73A12CE80C79";"EUR";"SumUp";"1,83"
"Suedseite - Bakery and Roastery";"55978";"2025-05-18 10:04:31";"2025-05-18 10:06:21";"1D7F4FCE-32BC-4AEC-B8EB-BAB17C91BCC1";"EUR";"SumUp";"2,86"
"Suedseite - Bakery and Roastery";"55978";"2025-05-18 10:16:12";"2025-05-18 10:17:08";"E849039D-94C1-4C47-94B0-AA08547D5188";"EUR";"SumUp";"1,00"
"Suedseite - Bakery and Roastery";"55978";"2025-05-18 10:28:53";"2025-05-18 10:29:49";"2E124E71-46E3-4E84-98B6-6D8B422BFBEF";"EUR";"SumUp";"1,29"
"Suedseite - Bakery and Roastery";"55978";"2025-05-18 10:36:18";"2025-05-18 10:37:18";"FDC8F195-2ED6-40B5-A994-21E59275126F";"EUR";"SumUp";"1,48"
"Suedseite - Bakery and Roastery";"55978";"2025-05-18 10:55:49";"2025-05-18 10:59:55";"3BA6DF78-3FDD-4BA3-B939-D7478AD87DFD";"EUR";"SumUp";"1,00"
"Suedseite - Bakery and Roastery";"55978";"2025-05-18 10:59:57";"2025-05-18 11:01:05";"3E4DF87E-66AF-49E5-8B81-028EE24BD105";"EUR";"SumUp";"1,71"
"Suedseite - Bakery and Roastery";"55978";"2025-05-18 11:26:16";"2025-05-18 11:28:45";"944335FB-5863-43D1-8D2A-7A1978FB060E";"EUR";"SumUp";"1,16"
"Suedseite - Bakery and Roastery";"55978";"2025-05-18 11:32:06";"2025-05-18 11:34:39";"4598FB45-AA6F-4F1E-ACC7-C0B350297C76";"EUR";"SumUp";"2,08"
"Suedseite - Bakery and Roastery";"55978";"2025-05-18 11:47:14";"2025-05-18 11:48:14";"31B0AB3F-0074-4388-A4B9-D22AE8C8A339";"EUR";"SumUp";"1,13"
"Suedseite - Bakery and Roastery";"55978";"2025-05-18 12:36:17";"2025-05-18 12:37:53";"590F7346-0E81-49EB-A29F-56F4414E430E";"EUR";"SumUp";"2,63"
"Suedseite - Bakery and Roastery";"55978";"2025-05-18 12:39:09";"2025-05-18 12:41:12";"4EA0D34E-4717-44FE-A67E-19E74A2D4ECE";"EUR";"SumUp";"1,25"
"Suedseite - Bakery and Roastery";"55978";"2025-05-18 13:00:29";"2025-05-18 13:01:19";"77E7BCBA-288A-4192-9486-B7FCE599A44A";"EUR";"SumUp";"1,00"
"Suedseite - Bakery and Roastery";"55978";"2025-05-18 13:20:39";"2025-05-18 13:27:56";"ADFCB30F-5583-4BAE-A259-16B81B5657E8";"EUR";"SumUp";"1,00"
"Suedseite - Bakery and Roastery";"55978";"2025-05-18 13:45:53";"2025-05-18 13:47:40";"1837E88B-5104-4C8E-9733-C9BD8AFD9542";"EUR";"SumUp";"1,00"
"Suedseite - Bakery and Roastery";"55978";"2025-05-18 14:12:07";"2025-05-18 14:14:02";"E2939FC8-6DD2-48D6-A7D5-7EBE70C62B4E";"EUR";"SumUp";"1,39"
"Suedseite - Bakery and Roastery";"55978";"2025-05-18 14:40:55";"2025-05-18 14:41:58";"AECFE917-E1F8-4D25-900E-7499AC45A46C";"EUR";"SumUp";"2,84"
"Suedseite - Bakery and Roastery";"55978";"2025-05-18 14:01:34";"2025-05-18 15:07:01";"DAA747BF-B1EE-42CE-998A-7D0E1E414709";"EUR";"SumUp";"1,00"
"Suedseite - Bakery and Roastery";"55978";"2025-05-18 15:05:49";"2025-05-18 15:09:51";"B8C38970-5CB1-4EAD-A191-45BAE80BD170";"EUR";"SumUp";"1,00"
"Suedseite - Bakery and Roastery";"55978";"2025-05-18 15:11:41";"2025-05-18 15:16:09";"85B24018-962C-4911-BE35-072AF677DC02";"EUR";"SumUp";"3,27"
"Suedseite - Bakery and Roastery";"55978";"2025-05-18 15:32:54";"2025-05-18 15:36:01";"E4CD75C0-0440-48E9-BB09-BF09236384B0";"EUR";"SumUp";"1,54"
"Suedseite - Bakery and Roastery";"55978";"2025-05-18 16:04:25";"2025-05-18 16:05:37";"F9E48D1A-2B0E-42DD-B1EA-B896F915C021";"EUR";"SumUp";"1,00"
"Suedseite - Bakery and Roastery";"55978";"2025-05-18 16:06:57";"2025-05-18 16:08:15";"1042E6A6-8BF5-403B-BAC0-E904E80B7DD8";"EUR";"SumUp";"1,00"
"Suedseite - Bakery and Roastery";"55978";"2025-05-18 16:39:05";"2025-05-18 16:40:53";"EDAB85D8-8004-4C04-B9C6-BD792478053D";"EUR";"SumUp";"1,21"
"Suedseite - Bakery and Roastery";"55978";"2025-05-18 17:22:17";"2025-05-18 17:24:45";"1398033D-A933-459D-9B19-3A878E777616";"EUR";"SumUp";"1,00"
"Suedseite - Bakery and Roastery";"55978";"2025-05-18 17:34:39";"2025-05-18 17:35:59";"69C85BEE-A120-4E17-9874-3863C5D956E5";"EUR";"SumUp";"1,36"
"Suedseite - Bakery and Roastery";"55978";"2025-05-18 17:36:03";"2025-05-18 17:38:16";"067819DE-0C83-4BC3-B7D2-5D9BF7054831";"EUR";"SumUp";"1,25"
"Suedseite - Bakery and Roastery";"55978";"2025-05-18 17:40:10";"2025-05-18 17:41:31";"B17E4024-6082-497B-B80D-09F608E3F6FD";"EUR";"SumUp";"1,00"
"Suedseite - Bakery and Roastery";"55978";"2025-05-20 10:45:31";"2025-05-20 10:47:54";"5B2335A2-33A4-4D2A-991E-1AF92341D102";"EUR";"SumUp";"1,42"
"Suedseite - Bakery and Roastery";"55978";"2025-05-20 11:07:07";"2025-05-20 11:08:40";"02BCCC19-CEF8-4F31-A6B4-B95C3B5F2524";"EUR";"SumUp";"1,00"
"Suedseite - Bakery and Roastery";"55978";"2025-05-20 10:31:41";"2025-05-20 11:23:23";"D6F16D45-11DA-478D-BF8B-9D3DA3259921";"EUR";"SumUp";"1,00"
"Suedseite - Bakery and Roastery";"55978";"2025-05-20 11:32:25";"2025-05-20 11:33:16";"6F1125D4-89DC-4A6F-A00D-BBB62889641C";"EUR";"SumUp";"2,00"
"Suedseite - Bakery and Roastery";"55978";"2025-05-20 12:04:03";"2025-05-20 12:05:39";"E57D465A-8DD8-4333-A2AF-1B7B426FA0AB";"EUR";"SumUp";"3,56"
"Suedseite - Bakery and Roastery";"55978";"2025-05-20 12:17:36";"2025-05-20 12:18:59";"9097F3F0-C7CC-4944-A80E-9DEC31ECFD7C";"EUR";"SumUp";"1,28"
"Suedseite - Bakery and Roastery";"55978";"2025-05-20 12:40:33";"2025-05-20 12:42:01";"BD6C54B8-3B29-4F8A-815F-7D626BB2A61C";"EUR";"SumUp";"1,22"
"Suedseite - Bakery and Roastery";"55978";"2025-05-20 13:07:41";"2025-05-20 13:11:38";"104D0EEA-64B8-468E-AB1A-D952301A848E";"EUR";"SumUp";"1,00"
"Suedseite - Bakery and Roastery";"55978";"2025-05-20 13:25:50";"2025-05-20 13:26:33";"E5BA5D1A-6ACA-43DD-8D2C-E64FA66C0E89";"EUR";"SumUp";"1,00"
"Suedseite - Bakery and Roastery";"55978";"2025-05-20 13:27:17";"2025-05-20 13:34:46";"40084FDC-CF00-4B9F-8F3C-750958E319C2";"EUR";"SumUp";"1,01"
"Suedseite - Bakery and Roastery";"55978";"2025-05-20 13:34:53";"2025-05-20 13:36:10";"AAFC0BC0-054B-4C61-B3B4-127928AA02CE";"EUR";"SumUp";"1,88"
"Suedseite - Bakery and Roastery";"55978";"2025-05-20 15:19:14";"2025-05-20 16:00:12";"3847A009-18D9-466D-9FCF-9A1D89F7FF84";"EUR";"SumUp";"2,64"
"Suedseite - Bakery and Roastery";"55978";"2025-05-20 16:06:31";"2025-05-20 16:08:03";"171AC6FE-0DB0-4DF7-8503-D0D8FB900210";"EUR";"SumUp";"1,83"
"Suedseite - Bakery and Roastery";"55978";"2025-05-20 16:49:45";"2025-05-20 16:50:43";"21011467-5EB5-481D-AC12-8E12925B6689";"EUR";"SumUp";"1,46"
"Suedseite - Bakery and Roastery";"55978";"2025-05-20 17:05:03";"2025-05-20 17:06:52";"8A465FC0-73AE-44D7-B224-33F83975168D";"EUR";"SumUp";"1,00"
"Suedseite - Bakery and Roastery";"55978";"2025-05-20 17:24:29";"2025-05-20 17:26:41";"B86558F5-06FF-43A1-9226-7B9B3378DED3";"EUR";"SumUp";"1,13"
"Suedseite - Bakery and Roastery";"55978";"2025-05-20 17:27:06";"2025-05-20 17:27:43";"35A35CCD-E128-4D07-9457-B3E7A4186033";"EUR";"SumUp";"1,03"
"Suedseite - Bakery and Roastery";"55978";"2025-05-20 15:37:26";"2025-05-20 17:51:11";"0882C5D4-FD70-4E30-AB6D-F009D03BC27C";"EUR";"SumUp";"1,10"
"Suedseite - Bakery and Roastery";"55978";"2025-05-21 09:28:14";"2025-05-21 09:53:27";"1F848C77-55A0-4806-9D43-5A5BD635F5B1";"EUR";"SumUp";"0,70"
"Suedseite - Bakery and Roastery";"55978";"2025-05-21 11:56:18";"2025-05-21 11:58:21";"51C974A5-2EBA-4729-BA35-B7ACBB380AC4";"EUR";"SumUp";"1,80"
"Suedseite - Bakery and Roastery";"55978";"2025-05-21 11:59:40";"2025-05-21 12:00:06";"62DE698C-F354-45FE-B95D-0633459325FA";"EUR";"SumUp";"1,00"
"Suedseite - Bakery and Roastery";"55978";"2025-05-21 12:13:27";"2025-05-21 12:14:20";"3C97472F-96D7-47E9-B9A6-616E773467A8";"EUR";"SumUp";"0,60"
"Suedseite - Bakery and Roastery";"55978";"2025-05-21 12:14:34";"2025-05-21 12:15:18";"46FAB3AD-8674-408F-9175-CD54A5B007FD";"EUR";"SumUp";"1,00"
"Suedseite - Bakery and Roastery";"55978";"2025-05-21 12:15:29";"2025-05-21 12:15:57";"DD78DD7C-064A-45AF-BD86-D16EE22BF3F6";"EUR";"SumUp";"1,00"
"Suedseite - Bakery and Roastery";"55978";"2025-05-21 12:16:08";"2025-05-21 12:16:55";"45732ECF-48DB-4F23-8B71-0BD384603EA1";"EUR";"SumUp";"0,60"
"Suedseite - Bakery and Roastery";"55978";"2025-05-21 12:19:16";"2025-05-21 12:20:13";"B9B826A4-AB94-40BD-AC6B-AFCE917B6ACD";"EUR";"SumUp";"1,19"
"Suedseite - Bakery and Roastery";"55978";"2025-05-21 12:42:15";"2025-05-21 12:51:41";"DEDDBEC0-65C7-4AD7-965D-E776BA00B0EB";"EUR";"SumUp";"1,10"
"Suedseite - Bakery and Roastery";"55978";"2025-05-21 12:51:46";"2025-05-21 12:52:57";"0049A44A-4C1A-429D-A6A5-2AC0197EDFBA";"EUR";"SumUp";"1,00"
"Suedseite - Bakery and Roastery";"55978";"2025-05-21 12:53:06";"2025-05-21 12:54:39";"9D7888CD-D164-4B9E-8E25-714A523502D0";"EUR";"SumUp";"2,00"
"Suedseite - Bakery and Roastery";"55978";"2025-05-21 13:15:50";"2025-05-21 13:17:59";"3EA6E6B1-F2AD-41DB-BA4D-17D675B72C9F";"EUR";"SumUp";"1,00"
"Suedseite - Bakery and Roastery";"55978";"2025-05-21 13:21:05";"2025-05-21 13:21:45";"086E4BF7-F869-4A1B-9C56-748F6EC51BE2";"EUR";"SumUp";"0,70"
"Suedseite - Bakery and Roastery";"55978";"2025-05-21 13:19:23";"2025-05-21 13:23:19";"96AA9C85-F9C0-40D4-9609-E15DE006A320";"EUR";"SumUp";"2,00"
"Suedseite - Bakery and Roastery";"55978";"2025-05-21 13:54:01";"2025-05-21 13:56:07";"661F91D3-EB0C-40BD-94B7-82E560BF5D5D";"EUR";"SumUp";"1,47"
"Suedseite - Bakery and Roastery";"55978";"2025-05-21 14:34:36";"2025-05-21 14:43:21";"413035AE-1315-4042-8D58-961C91111C06";"EUR";"SumUp";"1,00"
"Suedseite - Bakery and Roastery";"55978";"2025-05-21 14:43:25";"2025-05-21 14:46:56";"A32256E7-DB83-438B-BD46-14F9327D9DC6";"EUR";"SumUp";"1,61"
"Suedseite - Bakery and Roastery";"55978";"2025-05-21 15:06:58";"2025-05-21 15:11:09";"DA97F9EC-9C28-4C4C-8581-75834593AEF3";"EUR";"SumUp";"2,53"
"Suedseite - Bakery and Roastery";"55978";"2025-05-21 16:13:45";"2025-05-21 16:16:51";"96BF300B-9D0B-4258-9284-20FFB45C928C";"EUR";"SumUp";"1,00"
"Suedseite - Bakery and Roastery";"55978";"2025-05-22 09:34:51";"2025-05-22 09:49:14";"B663A8BA-21AE-4755-9E1A-347581065B99";"EUR";"SumUp";"1,00"
"Suedseite - Bakery and Roastery";"55978";"2025-05-22 09:49:33";"2025-05-22 09:51:45";"487D3632-DF9B-43E0-8190-C38A20A907BB";"EUR";"SumUp";"2,50"
"Suedseite - Bakery and Roastery";"55978";"2025-05-22 09:51:58";"2025-05-22 09:53:59";"FF4FE609-B761-4DE4-B360-6B0DF7B27E1B";"EUR";"SumUp";"1,05"
"Suedseite - Bakery and Roastery";"55978";"2025-05-22 10:54:18";"2025-05-22 10:57:45";"94F80C91-074C-4935-84C2-649554B74212";"EUR";"SumUp";"2,66"
"Suedseite - Bakery and Roastery";"55978";"2025-05-22 11:36:48";"2025-05-22 11:38:57";"BF86B31E-27A7-4958-BBF7-6895883B0E12";"EUR";"SumUp";"0,50"
"Suedseite - Bakery and Roastery";"55978";"2025-05-22 11:47:28";"2025-05-22 11:50:58";"5AD84E3D-4474-429C-A7EC-DBE650E226B7";"EUR";"SumUp";"1,75"
"Suedseite - Bakery and Roastery";"55978";"2025-05-22 12:11:37";"2025-05-22 12:12:45";"7278BC2F-6B43-4D2D-9C84-F9BD82FE9EC5";"EUR";"SumUp";"2,92"
"Suedseite - Bakery and Roastery";"55978";"2025-05-22 12:05:24";"2025-05-22 12:40:05";"164B5D94-3897-4C90-84A5-AA802429DA0B";"EUR";"SumUp";"3,58"
"Suedseite - Bakery and Roastery";"55978";"2025-05-22 11:42:38";"2025-05-22 12:49:36";"B278B07D-355E-4980-9DB1-162A0AE991F8";"EUR";"SumUp";"1,65"
"Suedseite - Bakery and Roastery";"55978";"2025-05-22 13:05:42";"2025-05-22 13:06:46";"D37B91FA-A3E8-486C-ACD2-0854DB95C8A4";"EUR";"SumUp";"1,00"
"Suedseite - Bakery and Roastery";"55978";"2025-05-22 13:16:48";"2025-05-22 13:19:09";"39E2B48E-2D1C-47BE-BACB-4E6777E329E9";"EUR";"SumUp";"2,09"
"Suedseite - Bakery and Roastery";"55978";"2025-05-22 14:01:18";"2025-05-22 14:01:53";"273A536D-8AC3-4D35-BECD-9F2955B565DF";"EUR";"SumUp";"1,00"
"Suedseite - Bakery and Roastery";"55978";"2025-05-22 14:47:28";"2025-05-22 15:05:04";"3F65514E-C38C-4445-92BF-CDAB2E9ADB57";"EUR";"SumUp";"1,00"
"Suedseite - Bakery and Roastery";"55978";"2025-05-22 15:30:17";"2025-05-22 15:31:12";"665C9F4B-DE51-431E-A6DD-4247B8889EA2";"EUR";"SumUp";"2,16"
"Suedseite - Bakery and Roastery";"55978";"2025-05-22 15:35:28";"2025-05-22 15:38:10";"3758DFA3-DBFE-42FC-A226-A208CCF6057F";"EUR";"SumUp";"1,00"
"Suedseite - Bakery and Roastery";"55978";"2025-05-22 16:14:33";"2025-05-22 16:15:02";"244E74D5-B95F-4A2F-B83E-AB9DC18EA42C";"EUR";"SumUp";"1,00"
"Suedseite - Bakery and Roastery";"55978";"2025-05-22 16:15:58";"2025-05-22 16:16:19";"E9861289-A397-403B-9A2F-1E604EAF1221";"EUR";"SumUp";"1,00"
"Suedseite - Bakery and Roastery";"55978";"2025-05-22 16:16:24";"2025-05-22 16:16:56";"4EFD3312-2EE1-457A-80D2-720F8D144BC4";"EUR";"SumUp";"1,00"
"Suedseite - Bakery and Roastery";"55978";"2025-05-22 16:25:06";"2025-05-22 16:26:54";"C380D25E-554A-4C8F-A3FB-FC6CCEBE420F";"EUR";"SumUp";"1,54"
"Suedseite - Bakery and Roastery";"55978";"2025-05-22 16:34:46";"2025-05-22 16:36:07";"B17B815F-B915-4E84-B44F-900193453CA3";"EUR";"SumUp";"5,61"
"Suedseite - Bakery and Roastery";"55978";"2025-05-23 09:54:28";"2025-05-23 09:55:42";"D5978D3A-C065-4480-B2EF-06ABF461E5AE";"EUR";"SumUp";"1,48"
"Suedseite - Bakery and Roastery";"55978";"2025-05-23 11:01:39";"2025-05-23 11:04:18";"0F5FE6E7-DE49-4AE0-8F22-A79C93CEF3FF";"EUR";"SumUp";"1,28"
"Suedseite - Bakery and Roastery";"55978";"2025-05-23 11:05:20";"2025-05-23 11:06:49";"3E80D35E-E1F0-4B94-B685-1C80FC267792";"EUR";"SumUp";"1,70"
"Suedseite - Bakery and Roastery";"55978";"2025-05-23 09:28:02";"2025-05-23 11:12:50";"7769FE35-2288-4848-9CBB-4909804BCCAE";"EUR";"SumUp";"9,62"
"Suedseite - Bakery and Roastery";"55978";"2025-05-23 11:18:56";"2025-05-23 11:19:56";"DFEA1D38-899D-4AEA-A939-E12B35C74900";"EUR";"SumUp";"1,00"
"Suedseite - Bakery and Roastery";"55978";"2025-05-23 12:01:51";"2025-05-23 12:03:02";"C359B1A1-693E-4658-9EBC-F2A5D19860E2";"EUR";"SumUp";"1,66"
"Suedseite - Bakery and Roastery";"55978";"2025-05-23 13:02:30";"2025-05-23 13:05:06";"0DD58372-47A8-4FE2-86E7-99C9C18B795C";"EUR";"SumUp";"2,08"
"Suedseite - Bakery and Roastery";"55978";"2025-05-23 13:05:16";"2025-05-23 13:06:16";"BBC0D677-BD1E-4C0B-8526-9D8BD0C132A5";"EUR";"SumUp";"1,35"
"Suedseite - Bakery and Roastery";"55978";"2025-05-23 15:23:19";"2025-05-23 15:30:55";"C71D0BFA-CF85-4D5D-A5DC-4606804DE4D8";"EUR";"SumUp";"0,78"
"Suedseite - Bakery and Roastery";"55978";"2025-05-23 16:23:17";"2025-05-23 16:36:34";"AA48772D-D1F1-4A62-BF20-964FB3B16CDD";"EUR";"SumUp";"1,00"
"Suedseite - Bakery and Roastery";"55978";"2025-05-23 16:01:11";"2025-05-23 17:36:25";"8347215B-76E9-4E28-B0A5-A7E318E4DB93";"EUR";"SumUp";"2,90"
"Suedseite - Bakery and Roastery";"55978";"2025-05-23 17:45:48";"2025-05-23 17:46:44";"3DBAC30C-9D14-480F-BF78-2243FD8CA50C";"EUR";"SumUp";"1,30"
"Suedseite - Bakery and Roastery";"55978";"2025-05-24 09:29:56";"2025-05-24 09:34:40";"BF2F34F2-F353-4C6D-ACC5-E8F19F9034D5";"EUR";"SumUp";"1,46"
"Suedseite - Bakery and Roastery";"55978";"2025-05-24 09:34:59";"2025-05-24 09:36:24";"3B578E1B-0263-4D34-AD64-5B6118E09A20";"EUR";"SumUp";"1,32"
"Suedseite - Bakery and Roastery";"55978";"2025-05-24 09:46:56";"2025-05-24 09:47:37";"C9E20CE0-B707-41C1-B3C5-AC387B69AE9B";"EUR";"SumUp";"1,00"
"Suedseite - Bakery and Roastery";"55978";"2025-05-24 09:59:05";"2025-05-24 10:00:59";"6FD4A04B-470F-4FB2-B99C-2EDC7333FFAE";"EUR";"SumUp";"1,38"
"Suedseite - Bakery and Roastery";"55978";"2025-05-24 10:06:51";"2025-05-24 10:15:50";"260FD82E-A8A1-4F1A-B90C-D852780BF85F";"EUR";"SumUp";"1,00"
"Suedseite - Bakery and Roastery";"55978";"2025-05-24 10:18:01";"2025-05-24 10:19:28";"1C2C8B2E-DBE2-4072-ABE1-9FBAA8F1BB98";"EUR";"SumUp";"1,67"
"Suedseite - Bakery and Roastery";"55978";"2025-05-24 10:28:45";"2025-05-24 10:36:18";"A84CD362-557D-43D9-9E8A-FCFDFC9283A0";"EUR";"SumUp";"2,28"
"Suedseite - Bakery and Roastery";"55978";"2025-05-24 10:44:41";"2025-05-24 10:46:14";"3F6EBE37-CBE6-421D-9527-56915F4E318D";"EUR";"SumUp";"1,14"
"Suedseite - Bakery and Roastery";"55978";"2025-05-24 10:49:48";"2025-05-24 10:50:23";"46A71F3D-F81F-44B9-8EB6-13924F7192F1";"EUR";"SumUp";"1,00"
"Suedseite - Bakery and Roastery";"55978";"2025-05-24 11:32:11";"2025-05-24 11:34:00";"FED022FA-447E-40B3-B0A1-E653A9ED0439";"EUR";"SumUp";"1,77"
"Suedseite - Bakery and Roastery";"55978";"2025-05-24 11:42:04";"2025-05-24 11:51:20";"D11C6D63-64FC-4C51-A8E4-562F00F820E1";"EUR";"SumUp";"2,18"
"Suedseite - Bakery and Roastery";"55978";"2025-05-24 11:52:01";"2025-05-24 11:52:39";"26EB7EB3-960F-4F10-8E32-5E24CB9CF2FF";"EUR";"SumUp";"1,00"
"Suedseite - Bakery and Roastery";"55978";"2025-05-24 11:52:43";"2025-05-24 11:53:13";"5CBC85D8-7E06-4A33-9342-210F62163877";"EUR";"SumUp";"1,00"
"Suedseite - Bakery and Roastery";"55978";"2025-05-24 12:26:53";"2025-05-24 12:28:53";"2B246C4F-4ADB-485E-B811-2FAB1F4C07E0";"EUR";"SumUp";"1,50"
"Suedseite - Bakery and Roastery";"55978";"2025-05-24 12:41:07";"2025-05-24 12:42:44";"B76FEB74-B304-41E2-A7D4-6AD29193DB60";"EUR";"SumUp";"1,94"
"Suedseite - Bakery and Roastery";"55978";"2025-05-24 12:43:05";"2025-05-24 12:44:56";"C79B1007-6E2A-4199-BB49-F12A4978D88D";"EUR";"SumUp";"1,90"
"Suedseite - Bakery and Roastery";"55978";"2025-05-24 12:52:40";"2025-05-24 12:54:05";"237E985A-49B8-45D6-AC83-1B76A2316D08";"EUR";"SumUp";"1,88"
"Suedseite - Bakery and Roastery";"55978";"2025-05-24 12:31:59";"2025-05-24 12:58:18";"68D952C1-A900-4831-8655-955652F36E3D";"EUR";"SumUp";"5,72"
"Suedseite - Bakery and Roastery";"55978";"2025-05-24 13:05:41";"2025-05-24 13:06:56";"A2BA9742-29D8-4550-B15B-D7672345CCBC";"EUR";"SumUp";"1,10"
"Suedseite - Bakery and Roastery";"55978";"2025-05-24 12:28:58";"2025-05-24 13:12:05";"82574B0E-635B-4418-806F-6A026811EA9B";"EUR";"SumUp";"1,00"
"Suedseite - Bakery and Roastery";"55978";"2025-05-24 13:14:21";"2025-05-24 13:16:11";"63C3748C-819C-499A-A60D-585E506EEA03";"EUR";"SumUp";"1,34"
"Suedseite - Bakery and Roastery";"55978";"2025-05-24 13:48:02";"2025-05-24 13:49:38";"1183550A-2E08-4866-8C66-488C9BB4B623";"EUR";"SumUp";"2,48"
"Suedseite - Bakery and Roastery";"55978";"2025-05-24 14:02:30";"2025-05-24 14:04:13";"E0F23D92-4B64-4273-802B-E29DB4A157BD";"EUR";"SumUp";"1,00"
"Suedseite - Bakery and Roastery";"55978";"2025-05-24 14:08:15";"2025-05-24 14:08:59";"15B216DD-3A50-4FCD-94B7-1B6017C8C1C5";"EUR";"SumUp";"1,05"
"Suedseite - Bakery and Roastery";"55978";"2025-05-24 14:15:01";"2025-05-24 14:19:09";"CB6A22CC-76A9-4C6F-A44A-3FF5AAC3F116";"EUR";"SumUp";"1,00"
"Suedseite - Bakery and Roastery";"55978";"2025-05-24 13:35:08";"2025-05-24 14:20:54";"AB98F3BF-49E7-4FEF-9AAA-F8031BE65443";"EUR";"SumUp";"3,19"
"Suedseite - Bakery and Roastery";"55978";"2025-05-24 14:25:26";"2025-05-24 14:26:47";"078B5297-8BAE-43B8-AB1B-440785AF6EC4";"EUR";"SumUp";"1,31"
"Suedseite - Bakery and Roastery";"55978";"2025-05-24 14:35:25";"2025-05-24 14:36:35";"F75D6E5A-C4E2-41F3-98B8-A41D1542F5EB";"EUR";"SumUp";"1,48"
"Suedseite - Bakery and Roastery";"55978";"2025-05-24 14:56:12";"2025-05-24 14:57:07";"97BA321C-3D25-48FF-85D5-0C593AEFED22";"EUR";"SumUp";"1,95"
"Suedseite - Bakery and Roastery";"55978";"2025-05-24 14:58:01";"2025-05-24 14:59:25";"F8501973-EEFA-48EB-99AB-8D3067D87629";"EUR";"SumUp";"1,00"
"Suedseite - Bakery and Roastery";"55978";"2025-05-24 15:10:40";"2025-05-24 15:11:35";"26E54980-E284-4927-A058-9329C7E3BCD8";"EUR";"SumUp";"1,53"
"Suedseite - Bakery and Roastery";"55978";"2025-05-24 15:13:29";"2025-05-24 15:15:03";"DD6C8F73-5EDA-4450-8FE0-C4FA91852843";"EUR";"SumUp";"1,10"
"Suedseite - Bakery and Roastery";"55978";"2025-05-24 15:29:56";"2025-05-24 15:33:06";"9FB0CA93-9F30-402F-B70B-9FAEC07CFCA2";"EUR";"SumUp";"3,99"
"Suedseite - Bakery and Roastery";"55978";"2025-05-24 16:14:56";"2025-05-24 16:16:12";"DBA1CC5E-6E1C-47F8-A62B-2D24A7C3B743";"EUR";"SumUp";"1,00"
"Suedseite - Bakery and Roastery";"55978";"2025-05-24 15:33:16";"2025-05-24 16:27:57";"69133B86-84BD-49BC-8199-50E9150983BD";"EUR";"SumUp";"2,31"
"Suedseite - Bakery and Roastery";"55978";"2025-05-24 16:52:21";"2025-05-24 16:53:31";"20A49911-9E38-4276-9CCA-CC65943F1140";"EUR";"SumUp";"1,00"
"Suedseite - Bakery and Roastery";"55978";"2025-05-24 16:54:02";"2025-05-24 17:35:42";"F2B1EEC6-7781-497E-8A1C-983527548384";"EUR";"SumUp";"1,49"
"Suedseite - Bakery and Roastery";"55978";"2025-05-24 17:42:16";"2025-05-24 17:44:25";"7D8AB342-6C2E-4EE5-8B04-A68F53B8D9B0";"EUR";"SumUp";"1,00"
"Suedseite - Bakery and Roastery";"55978";"2025-05-24 17:00:13";"2025-05-24 17:45:36";"542AA0E1-8BBC-48D2-BD40-0085EA9FF6A9";"EUR";"SumUp";"0,50"
"Suedseite - Bakery and Roastery";"55978";"2025-05-24 17:49:19";"2025-05-24 17:50:51";"96C9C0F2-7F32-427A-8740-BFE6743DBFCA";"EUR";"SumUp";"1,00"
"Suedseite - Bakery and Roastery";"55978";"2025-05-24 17:56:39";"2025-05-24 17:59:22";"59AB16FD-4E05-4E74-A87F-9412E2AA8307";"EUR";"SumUp";"1,00"
"Suedseite - Bakery and Roastery";"55978";"2025-05-25 09:58:37";"2025-05-25 09:59:11";"51D14AAC-ADCF-4218-883E-0E670B172F73";"EUR";"SumUp";"1,00"
"Suedseite - Bakery and Roastery";"55978";"2025-05-25 10:16:16";"2025-05-25 10:18:01";"B088EB81-9850-4F4A-BEC0-0DE4F54ADAA1";"EUR";"SumUp";"1,42"
"Suedseite - Bakery and Roastery";"55978";"2025-05-25 10:20:31";"2025-05-25 10:21:04";"79644FED-8F89-4C1C-93FC-58C31D9379CF";"EUR";"SumUp";"1,00"
"Suedseite - Bakery and Roastery";"55978";"2025-05-25 10:29:39";"2025-05-25 10:31:53";"4935EC93-616A-4104-B2B1-5ED231C2AB27";"EUR";"SumUp";"1,50"
"Suedseite - Bakery and Roastery";"55978";"2025-05-25 10:32:11";"2025-05-25 10:33:23";"386DD1B7-28D9-40BA-9F8E-A7B6FFFF13F1";"EUR";"SumUp";"1,45"
"Suedseite - Bakery and Roastery";"55978";"2025-05-25 10:48:17";"2025-05-25 10:50:08";"AEFC8010-169C-469F-BD76-6E04CE279EFF";"EUR";"SumUp";"2,22"
"Suedseite - Bakery and Roastery";"55978";"2025-05-25 11:09:26";"2025-05-25 11:11:29";"2667E54C-6F56-4CDC-B892-3E047B4E04CF";"EUR";"SumUp";"1,51"
"Suedseite - Bakery and Roastery";"55978";"2025-05-25 11:14:20";"2025-05-25 11:18:09";"9F65584B-D3C8-430F-9815-B97477F547AA";"EUR";"SumUp";"2,00"
"Suedseite - Bakery and Roastery";"55978";"2025-05-25 11:41:34";"2025-05-25 11:42:33";"0254A1D8-7967-4985-A336-4171C02DCFC1";"EUR";"SumUp";"1,00"
"Suedseite - Bakery and Roastery";"55978";"2025-05-25 11:46:09";"2025-05-25 11:46:56";"C1B6E49B-6FFE-4073-86B2-77A7A22FAA55";"EUR";"SumUp";"2,84"
"Suedseite - Bakery and Roastery";"55978";"2025-05-25 11:49:41";"2025-05-25 11:50:24";"6A070D33-C1A0-4C3F-913A-9BF8398888B9";"EUR";"SumUp";"1,00"
"Suedseite - Bakery and Roastery";"55978";"2025-05-25 12:07:02";"2025-05-25 12:10:20";"447091C2-9188-4166-97F7-166FA205CA68";"EUR";"SumUp";"1,00"
"Suedseite - Bakery and Roastery";"55978";"2025-05-25 12:31:59";"2025-05-25 12:35:30";"B871FD99-AAB5-450D-A491-E91A4C00E42F";"EUR";"SumUp";"3,60"
"Suedseite - Bakery and Roastery";"55978";"2025-05-25 12:38:21";"2025-05-25 12:39:15";"38DDD9AE-3DD3-4026-A8D3-268B55091539";"EUR";"SumUp";"1,75"
"Suedseite - Bakery and Roastery";"55978";"2025-05-25 12:54:32";"2025-05-25 12:56:12";"A4D0FA47-48D5-449D-A07C-93DBB5C1EBD2";"EUR";"SumUp";"1,02"
"Suedseite - Bakery and Roastery";"55978";"2025-05-25 12:56:25";"2025-05-25 12:58:23";"01522164-EB8F-4D86-AE55-8E1D3400FAEA";"EUR";"SumUp";"2,25"
"Suedseite - Bakery and Roastery";"55978";"2025-05-25 13:20:43";"2025-05-25 13:21:29";"F2F76427-C077-46B2-AA3C-976B652914B8";"EUR";"SumUp";"1,15"
"Suedseite - Bakery and Roastery";"55978";"2025-05-25 13:55:42";"2025-05-25 13:59:49";"94A6A160-7A9F-4ABE-A986-3BB7D3E7A7AD";"EUR";"SumUp";"2,60"
"Suedseite - Bakery and Roastery";"55978";"2025-05-25 14:03:04";"2025-05-25 14:04:47";"5D9156D9-7B5E-4DBE-B6D9-8EDE2235A5A1";"EUR";"SumUp";"3,90"
"Suedseite - Bakery and Roastery";"55978";"2025-05-25 14:09:01";"2025-05-25 14:10:17";"1ED26FBE-2B8B-4485-B021-66B0B6E81549";"EUR";"SumUp";"1,80"
"Suedseite - Bakery and Roastery";"55978";"2025-05-25 14:33:21";"2025-05-25 14:36:11";"143B9D1B-7FA8-4EC4-8160-16C0389A31B1";"EUR";"SumUp";"1,39"
"Suedseite - Bakery and Roastery";"55978";"2025-05-25 14:36:45";"2025-05-25 14:37:30";"3AFBFFCD-61BB-4540-BBA9-0737BB660230";"EUR";"SumUp";"1,50"
"Suedseite - Bakery and Roastery";"55978";"2025-05-25 14:48:34";"2025-05-25 14:49:26";"987C335F-6C69-4F7B-B739-5CB689B88DAE";"EUR";"SumUp";"1,00"
"Suedseite - Bakery and Roastery";"55978";"2025-05-25 14:49:32";"2025-05-25 14:50:13";"AD7907C4-584E-4134-A3BA-3449B01D76F8";"EUR";"SumUp";"1,00"
"Suedseite - Bakery and Roastery";"55978";"2025-05-25 14:50:19";"2025-05-25 14:51:43";"AA1DD754-A432-45EE-8AE2-43B165967DF1";"EUR";"SumUp";"1,00"
"Suedseite - Bakery and Roastery";"55978";"2025-05-25 15:01:30";"2025-05-25 15:02:30";"2CA2A91A-8879-4ADF-9C2B-AE5DBF99580B";"EUR";"SumUp";"2,17"
"Suedseite - Bakery and Roastery";"55978";"2025-05-25 15:06:39";"2025-05-25 15:07:47";"61996A5F-B2E7-4627-96A1-54FAE4E024BB";"EUR";"SumUp";"1,00"
"Suedseite - Bakery and Roastery";"55978";"2025-05-25 15:08:09";"2025-05-25 15:08:37";"43469F69-9570-4EF6-AA48-0922393D8EB3";"EUR";"SumUp";"1,00"
"Suedseite - Bakery and Roastery";"55978";"2025-05-25 15:11:27";"2025-05-25 15:11:53";"78B92829-4228-4793-903E-F57F9DA83C77";"EUR";"SumUp";"1,00"
"Suedseite - Bakery and Roastery";"55978";"2025-05-25 16:16:39";"2025-05-25 16:19:06";"39C0A3DE-FEA5-489F-B598-ED07E97B0653";"EUR";"SumUp";"1,00"
"Suedseite - Bakery and Roastery";"55978";"2025-05-25 16:19:09";"2025-05-25 16:22:58";"FB00E523-9018-48E6-8F8B-B08FBC65FEE8";"EUR";"SumUp";"1,00"
"Suedseite - Bakery and Roastery";"55978";"2025-05-25 16:35:41";"2025-05-25 16:38:34";"1C1EB36F-84AB-47CF-BE18-E17F66B0B9CA";"EUR";"SumUp";"1,00"
"Suedseite - Bakery and Roastery";"55978";"2025-05-25 17:11:42";"2025-05-25 17:13:04";"390108AA-4BF1-487E-9042-54839D4D7A64";"EUR";"SumUp";"1,00"
"Suedseite - Bakery and Roastery";"55978";"2025-05-27 09:38:25";"2025-05-27 09:38:45";"3D27F244-C371-4637-971B-24F34A3C6515";"EUR";"Barzahlung";"0,50"
"Suedseite - Bakery and Roastery";"55978";"2025-05-27 11:02:06";"2025-05-27 11:04:28";"9FF913FB-4044-42C4-8F24-FC82B07A3291";"EUR";"SumUp";"1,00"
"Suedseite - Bakery and Roastery";"55978";"2025-05-27 11:32:36";"2025-05-27 11:35:00";"5C4089E3-359B-4037-B76A-C65B3AEC1439";"EUR";"SumUp";"0,90"
"Suedseite - Bakery and Roastery";"55978";"2025-05-27 11:35:42";"2025-05-27 11:40:34";"D1D9D685-724B-41B4-B511-E577EC0E7750";"EUR";"SumUp";"2,98"
"Suedseite - Bakery and Roastery";"55978";"2025-05-27 12:18:48";"2025-05-27 12:19:56";"EEA680EE-A913-4C6D-A979-D7659111FD50";"EUR";"SumUp";"1,00"
"Suedseite - Bakery and Roastery";"55978";"2025-05-27 12:48:42";"2025-05-27 12:57:17";"47980CCC-DE89-4639-A877-4C55548228C1";"EUR";"SumUp";"1,80"
"Suedseite - Bakery and Roastery";"55978";"2025-05-27 13:20:05";"2025-05-27 13:22:04";"2D9BEBE7-25D2-4F87-A213-3ADA107605EC";"EUR";"SumUp";"1,00"
"Suedseite - Bakery and Roastery";"55978";"2025-05-27 13:44:01";"2025-05-27 13:49:03";"4470B037-8327-4DA9-BA8B-4FA0DDCCDBCD";"EUR";"SumUp";"1,58"
"Suedseite - Bakery and Roastery";"55978";"2025-05-27 14:11:38";"2025-05-27 14:12:52";"B6020B78-2D03-4409-B6DC-DC6C5FFA7673";"EUR";"SumUp";"1,00"
"Suedseite - Bakery and Roastery";"55978";"2025-05-27 14:13:13";"2025-05-27 14:14:15";"FDC641D1-8BBE-4BDC-9A03-77B83DE2F157";"EUR";"SumUp";"1,00"
"Suedseite - Bakery and Roastery";"55978";"2025-05-27 14:15:04";"2025-05-27 14:16:19";"6B272E8E-9E09-4BF6-8C7B-B8EA2FDFBCA9";"EUR";"SumUp";"1,51"
"Suedseite - Bakery and Roastery";"55978";"2025-05-27 14:50:24";"2025-05-27 14:50:53";"DB1E18B2-E41C-43D7-8FD7-E36671203B6F";"EUR";"SumUp";"1,00"
"Suedseite - Bakery and Roastery";"55978";"2025-05-27 16:16:53";"2025-05-27 16:17:40";"14800B00-31AE-4704-86FA-581F24530414";"EUR";"SumUp";"1,00"
"Suedseite - Bakery and Roastery";"55978";"2025-05-27 16:26:27";"2025-05-27 16:27:50";"AFCFD188-37B8-4969-B134-12A557F61A79";"EUR";"SumUp";"1,20"
"Suedseite - Bakery and Roastery";"55978";"2025-05-27 17:01:58";"2025-05-27 17:02:42";"478EE64F-84ED-4223-9878-09EAFF55246B";"EUR";"SumUp";"1,00"
"Suedseite - Bakery and Roastery";"55978";"2025-05-27 17:33:00";"2025-05-27 17:34:04";"64850A89-DAF1-4CF4-8622-5684FDFBA206";"EUR";"SumUp";"1,14"
"Suedseite - Bakery and Roastery";"55978";"2025-05-28 11:49:38";"2025-05-28 11:51:20";"57578D28-E592-47E1-85C4-94BB044B7CAC";"EUR";"SumUp";"1,39"
"Suedseite - Bakery and Roastery";"55978";"2025-05-28 12:20:46";"2025-05-28 13:03:50";"D7763D94-748D-46AD-8D3F-C7441B4212E6";"EUR";"SumUp";"0,80"
"Suedseite - Bakery and Roastery";"55978";"2025-05-28 13:22:28";"2025-05-28 13:23:11";"D132872E-F068-4950-AEB2-B1D7D0F4E73C";"EUR";"SumUp";"1,85"
"Suedseite - Bakery and Roastery";"55978";"2025-05-28 14:36:48";"2025-05-28 14:38:05";"8A9D47A7-05BA-439E-B0C6-BAFB5D0BDE11";"EUR";"SumUp";"1,00"
"Suedseite - Bakery and Roastery";"55978";"2025-05-28 14:41:13";"2025-05-28 14:57:01";"8C1C4D0F-10C1-42C7-8BF8-C31C499731BE";"EUR";"SumUp";"1,83"
"Suedseite - Bakery and Roastery";"55978";"2025-05-28 14:34:43";"2025-05-28 15:08:12";"2DF1294D-AFCE-4410-99DB-C7FC15D4E1F5";"EUR";"SumUp";"1,10"
"Suedseite - Bakery and Roastery";"55978";"2025-05-28 15:29:33";"2025-05-28 15:47:28";"5A7C9B6A-BE98-4484-8417-890C1403CAF0";"EUR";"SumUp";"1,00"
"Suedseite - Bakery and Roastery";"55978";"2025-05-28 15:52:13";"2025-05-28 15:53:40";"F30CD09B-0976-4649-95F8-5FD53FCA984D";"EUR";"SumUp";"1,00"
"Suedseite - Bakery and Roastery";"55978";"2025-05-28 15:57:21";"2025-05-28 15:59:53";"AB504494-DF1B-437A-9AD6-40B7673EF48F";"EUR";"SumUp";"6,17"
"Suedseite - Bakery and Roastery";"55978";"2025-05-28 15:58:17";"2025-05-28 16:32:39";"A2DE0503-97D5-4AC2-B831-DE37E4786720";"EUR";"SumUp";"1,90"
"Suedseite - Bakery and Roastery";"55978";"2025-05-28 17:09:56";"2025-05-28 17:10:35";"1D174B19-75D3-4A5A-8B7F-7561B28B7D68";"EUR";"SumUp";"1,00"
"Suedseite - Bakery and Roastery";"55978";"2025-05-28 17:37:22";"2025-05-28 17:40:40";"88372349-A9B4-4B9A-B258-4B84A20C5533";"EUR";"SumUp";"2,52"
"Suedseite - Bakery and Roastery";"55978";"2025-05-29 10:22:20";"2025-05-29 10:24:24";"5AE3F1BB-9632-48BC-A833-5582DABC18A2";"EUR";"SumUp";"2,45"
"Suedseite - Bakery and Roastery";"55978";"2025-05-29 10:36:56";"2025-05-29 10:37:30";"99E649F0-CABA-4803-8638-E0E3E359784C";"EUR";"SumUp";"1,00"
"Suedseite - Bakery and Roastery";"55978";"2025-05-29 11:14:20";"2025-05-29 11:16:11";"5C0C165C-B000-4DD2-B884-DD7BCE6D7B31";"EUR";"SumUp";"1,18"
"Suedseite - Bakery and Roastery";"55978";"2025-05-29 11:19:21";"2025-05-29 11:24:26";"22BDE29D-5A7A-4909-A11E-79DBDA9600A0";"EUR";"SumUp";"2,07"
"Suedseite - Bakery and Roastery";"55978";"2025-05-29 12:04:38";"2025-05-29 12:05:11";"C3BF3135-6E43-4511-8CD6-4673366ED1B0";"EUR";"SumUp";"1,00"
"Suedseite - Bakery and Roastery";"55978";"2025-05-29 12:16:03";"2025-05-29 12:16:51";"C8143FEC-5D62-48AE-9DDE-3E4F0F4D1D33";"EUR";"SumUp";"1,00"
"Suedseite - Bakery and Roastery";"55978";"2025-05-29 11:57:20";"2025-05-29 12:47:01";"65878261-D69A-4064-A8A2-322BF2CBE0A9";"EUR";"SumUp";"3,17"
"Suedseite - Bakery and Roastery";"55978";"2025-05-29 12:47:31";"2025-05-29 12:50:39";"288E7928-77B3-48B3-A3BF-EB9955A7A544";"EUR";"SumUp";"2,09"
"Suedseite - Bakery and Roastery";"55978";"2025-05-29 11:25:47";"2025-05-29 13:10:06";"89682EEB-697E-4CD1-B145-AFDBE99232F1";"EUR";"SumUp";"1,17"
"Suedseite - Bakery and Roastery";"55978";"2025-05-29 13:16:17";"2025-05-29 13:17:41";"C84E38A4-EAC7-4269-B5F2-568B7334E1FF";"EUR";"SumUp";"2,53"
"Suedseite - Bakery and Roastery";"55978";"2025-05-29 13:34:54";"2025-05-29 13:37:46";"4CF540C6-32AC-438C-8B17-432DC22AA36D";"EUR";"SumUp";"1,57"
"Suedseite - Bakery and Roastery";"55978";"2025-05-29 13:42:15";"2025-05-29 13:42:49";"FCEFD0A2-8F53-4188-BD4E-65570A3490EC";"EUR";"SumUp";"1,32"
"Suedseite - Bakery and Roastery";"55978";"2025-05-29 13:50:04";"2025-05-29 13:51:09";"843F3957-5294-48C1-B91D-7EF755FD7BCC";"EUR";"SumUp";"0,40"
"Suedseite - Bakery and Roastery";"55978";"2025-05-29 13:51:31";"2025-05-29 13:52:47";"E978E16D-3F77-4750-877C-C9E01ACA9F6D";"EUR";"SumUp";"1,88"
"Suedseite - Bakery and Roastery";"55978";"2025-05-29 14:49:30";"2025-05-29 14:51:35";"A52412CA-2174-45E4-9550-0A730E6DB211";"EUR";"SumUp";"1,69"
"Suedseite - Bakery and Roastery";"55978";"2025-05-29 15:11:10";"2025-05-29 15:13:39";"58B0DAC8-21F3-440A-B3C5-C67F9E56E05B";"EUR";"SumUp";"1,70"
"Suedseite - Bakery and Roastery";"55978";"2025-05-29 15:30:43";"2025-05-29 15:31:46";"287243A4-34EB-420F-BD79-93DC0C373439";"EUR";"SumUp";"1,47"
"Suedseite - Bakery and Roastery";"55978";"2025-05-29 15:38:10";"2025-05-29 15:41:30";"FE887A45-3FF4-498E-82DE-45ECB3D5D15D";"EUR";"SumUp";"1,91"
"Suedseite - Bakery and Roastery";"55978";"2025-05-29 15:57:24";"2025-05-29 15:59:16";"484AC187-42FE-451B-B928-9593E380AF78";"EUR";"SumUp";"0,40"
"Suedseite - Bakery and Roastery";"55978";"2025-05-29 15:59:23";"2025-05-29 16:03:00";"F4DF659C-8253-445F-8A44-CC64EA51FEE9";"EUR";"SumUp";"1,23"
"Suedseite - Bakery and Roastery";"55978";"2025-05-29 16:10:11";"2025-05-29 16:10:41";"EDF26369-836D-4D3E-9528-2DA818D1F7E4";"EUR";"SumUp";"1,00"
"Suedseite - Bakery and Roastery";"55978";"2025-05-29 16:10:51";"2025-05-29 16:12:06";"CB9125B0-DFF4-4F7A-89DA-1C539B8D9B45";"EUR";"SumUp";"1,00"
"Suedseite - Bakery and Roastery";"55978";"2025-05-29 16:22:19";"2025-05-29 16:23:12";"84ABC790-7AE2-4138-AA0D-17E79AC39B81";"EUR";"SumUp";"1,08"
"Suedseite - Bakery and Roastery";"55978";"2025-05-29 16:25:02";"2025-05-29 17:14:53";"E1F67D1B-FC5B-474C-A61D-C2CF67CBC722";"EUR";"SumUp";"1,12"
"Suedseite - Bakery and Roastery";"55978";"2025-05-30 10:21:35";"2025-05-30 10:27:03";"906DDEAF-0267-4FB7-94F4-C126C2519177";"EUR";"SumUp";"1,77"
"Suedseite - Bakery and Roastery";"55978";"2025-05-30 10:57:05";"2025-05-30 11:00:41";"8F3F756C-468E-4CB7-94F2-1E551494AB12";"EUR";"SumUp";"1,16"
"Suedseite - Bakery and Roastery";"55978";"2025-05-30 11:08:37";"2025-05-30 11:09:55";"617B87FF-91F3-4F75-8584-EC3F009AE665";"EUR";"SumUp";"1,54"
"Suedseite - Bakery and Roastery";"55978";"2025-05-30 11:10:14";"2025-05-30 11:11:07";"CC159E49-B4E3-4677-BF31-0BD1F22E09C6";"EUR";"SumUp";"1,00"
"Suedseite - Bakery and Roastery";"55978";"2025-05-30 11:18:08";"2025-05-30 11:21:26";"94B655C6-7329-4520-A775-3A89184E048C";"EUR";"SumUp";"2,13"
"Suedseite - Bakery and Roastery";"55978";"2025-05-30 10:55:18";"2025-05-30 11:23:44";"245AED62-9CEF-457B-8616-BBC7A9FD72B4";"EUR";"SumUp";"2,33"
"Suedseite - Bakery and Roastery";"55978";"2025-05-30 12:21:01";"2025-05-30 12:22:29";"2B5CF30A-61A4-4811-8904-542347A380D8";"EUR";"SumUp";"1,19"
"Suedseite - Bakery and Roastery";"55978";"2025-05-30 12:55:38";"2025-05-30 12:57:37";"689150AD-3EA8-4406-9123-DD6D0C63BE55";"EUR";"SumUp";"1,59"
"Suedseite - Bakery and Roastery";"55978";"2025-05-30 13:44:13";"2025-05-30 13:49:22";"8F22EBD0-EAAA-45F7-837C-D6EB970F6C56";"EUR";"SumUp";"13,43"
"Suedseite - Bakery and Roastery";"55978";"2025-05-30 14:01:49";"2025-05-30 14:08:00";"45D40B60-3857-45EA-99CA-9A1DC29C02BF";"EUR";"SumUp";"3,61"
"Suedseite - Bakery and Roastery";"55978";"2025-05-30 14:22:27";"2025-05-30 14:24:40";"3DDE4DE6-99EC-4966-92B9-83CE1883F060";"EUR";"SumUp";"1,00"
"Suedseite - Bakery and Roastery";"55978";"2025-05-30 14:45:59";"2025-05-30 14:46:46";"8CFC1B25-0DB2-4C09-839E-C37BBA40A07C";"EUR";"SumUp";"1,10"
"Suedseite - Bakery and Roastery";"55978";"2025-05-30 15:07:43";"2025-05-30 15:09:34";"AE46702D-4174-4E7B-8DDD-52E3928BA385";"EUR";"SumUp";"1,41"
"Suedseite - Bakery and Roastery";"55978";"2025-05-30 15:15:45";"2025-05-30 15:16:27";"DAD5F0E1-4A8C-40A1-A7D2-866A5D86F1B3";"EUR";"SumUp";"1,00"
"Suedseite - Bakery and Roastery";"55978";"2025-05-30 15:16:33";"2025-05-30 15:20:21";"AA678D5F-8789-4D41-A5FD-75EE04037CBA";"EUR";"SumUp";"1,00"
"Suedseite - Bakery and Roastery";"55978";"2025-05-30 16:18:09";"2025-05-30 16:18:58";"7F5D94D5-2DF1-44B5-AE41-2A1C229C35A6";"EUR";"SumUp";"1,76"
"Suedseite - Bakery and Roastery";"55978";"2025-05-30 16:59:08";"2025-05-30 17:02:05";"88937BB4-582A-4E45-85F4-A129E49ACC57";"EUR";"SumUp";"1,89"
"Suedseite - Bakery and Roastery";"55978";"2025-05-31 09:37:06";"2025-05-31 09:39:57";"FF210BFC-9462-43D8-8555-1C7AE830731E";"EUR";"SumUp";"2,01"
"Suedseite - Bakery and Roastery";"55978";"2025-05-31 09:49:17";"2025-05-31 09:51:13";"1AA64DDF-42CC-4C83-B602-30ADBA31F6A4";"EUR";"SumUp";"0,50"
"Suedseite - Bakery and Roastery";"55978";"2025-05-31 09:52:07";"2025-05-31 09:53:39";"61A65B59-00B1-44F8-B02C-C08A8FA3EB1C";"EUR";"SumUp";"1,17"
"Suedseite - Bakery and Roastery";"55978";"2025-05-31 09:59:08";"2025-05-31 10:01:17";"60DA570F-3EF1-4094-B43E-8829B7023E7C";"EUR";"SumUp";"1,36"
"Suedseite - Bakery and Roastery";"55978";"2025-05-31 09:31:13";"2025-05-31 10:44:16";"D54D968E-62AE-46EE-B439-67EA8EBAC6AF";"EUR";"SumUp";"6,15"
"Suedseite - Bakery and Roastery";"55978";"2025-05-31 11:28:39";"2025-05-31 11:29:49";"9DF2ED51-B4AD-41AE-B5D8-D5DAD7934495";"EUR";"SumUp";"1,00"
"Suedseite - Bakery and Roastery";"55978";"2025-05-31 12:43:13";"2025-05-31 12:44:16";"9CA8E183-F287-4F12-955D-69E2E420AA5D";"EUR";"SumUp";"2,00"
"Suedseite - Bakery and Roastery";"55978";"2025-05-31 12:44:31";"2025-05-31 12:45:32";"B63A4C0A-C274-436C-BBE4-D8AE4594229A";"EUR";"SumUp";"1,07"
"Suedseite - Bakery and Roastery";"55978";"2025-05-31 12:45:38";"2025-05-31 12:50:21";"54DCB7A2-838C-45BA-AE22-23BAE2D72EE3";"EUR";"SumUp";"1,88"
"Suedseite - Bakery and Roastery";"55978";"2025-05-31 12:50:30";"2025-05-31 12:51:44";"65463C87-A99F-4BBD-852C-421F8EF6C19B";"EUR";"SumUp";"1,39"
"Suedseite - Bakery and Roastery";"55978";"2025-05-31 12:52:46";"2025-05-31 12:54:11";"2010F70F-F531-433D-B75F-C2577032F3A2";"EUR";"SumUp";"1,05"
"Suedseite - Bakery and Roastery";"55978";"2025-05-31 11:27:02";"2025-05-31 12:57:57";"15B8BD93-EA8E-4F43-8A1F-9AAC2B4A6484";"EUR";"SumUp";"2,64"
"Suedseite - Bakery and Roastery";"55978";"2025-05-31 12:58:08";"2025-05-31 13:01:12";"A65E4403-03F1-4B64-9593-4E74A7FE9A78";"EUR";"SumUp";"2,20"
"Suedseite - Bakery and Roastery";"55978";"2025-05-31 13:02:19";"2025-05-31 13:03:15";"62EEFD16-E0E0-4D8D-A0B6-85F93353FF31";"EUR";"SumUp";"1,20"
"Suedseite - Bakery and Roastery";"55978";"2025-05-31 13:04:29";"2025-05-31 13:05:51";"2648E273-23CC-4E80-BEA5-5A83D3061AD7";"EUR";"SumUp";"2,39"
"Suedseite - Bakery and Roastery";"55978";"2025-05-31 13:28:26";"2025-05-31 13:29:11";"9148D1BC-7DCF-4C45-85A2-965326FDE0BB";"EUR";"SumUp";"1,19"
"Suedseite - Bakery and Roastery";"55978";"2025-05-31 13:29:14";"2025-05-31 13:34:46";"18BDF513-B8CA-495A-A0AF-F14AEC2CE467";"EUR";"SumUp";"0,50"
"Suedseite - Bakery and Roastery";"55978";"2025-05-31 13:47:05";"2025-05-31 13:48:06";"27764242-7D74-4969-8854-4B396ECB3C02";"EUR";"SumUp";"1,00"
"Suedseite - Bakery and Roastery";"55978";"2025-05-31 13:15:05";"2025-05-31 13:55:01";"DACD86F3-02EE-4208-B7E1-88A2B119B5FC";"EUR";"SumUp";"2,77"
"Suedseite - Bakery and Roastery";"55978";"2025-05-31 14:21:23";"2025-05-31 14:22:51";"3DA907F2-CB7C-416E-A8C4-5613B3341739";"EUR";"SumUp";"1,78"
"Suedseite - Bakery and Roastery";"55978";"2025-05-31 14:24:26";"2025-05-31 14:35:54";"49E61077-C664-4B44-B0DC-4FD67E53E837";"EUR";"SumUp";"1,00"
"Suedseite - Bakery and Roastery";"55978";"2025-05-31 15:11:24";"2025-05-31 15:13:53";"04CD045B-BC42-4B35-9BC0-49673AC1573C";"EUR";"SumUp";"0,70"
"Suedseite - Bakery and Roastery";"55978";"2025-05-31 15:14:57";"2025-05-31 15:18:00";"FEAC8622-403B-416D-9149-5301D62C7215";"EUR";"SumUp";"1,23"
"Suedseite - Bakery and Roastery";"55978";"2025-05-31 15:18:04";"2025-05-31 15:19:18";"9908C10F-D9C6-4511-9D02-D3700EC4E027";"EUR";"SumUp";"1,00"
"Suedseite - Bakery and Roastery";"55978";"2025-05-31 15:33:52";"2025-05-31 15:38:07";"C18D57A4-B129-4336-9595-391F0FDD22CD";"EUR";"SumUp";"1,20"
"Suedseite - Bakery and Roastery";"55978";"2025-05-31 15:39:02";"2025-05-31 15:40:08";"6A6DD6D9-B437-47D1-8930-E4095B73EC1C";"EUR";"SumUp";"1,00"
"Suedseite - Bakery and Roastery";"55978";"2025-05-31 16:44:31";"2025-05-31 16:56:03";"B977CC03-D3BC-4E52-8CB9-B62BCE0213A1";"EUR";"SumUp";"1,15"
"Suedseite - Bakery and Roastery";"55978";"2025-05-31 17:18:10";"2025-05-31 17:29:16";"210FFA7B-B095-4569-8FBE-C12CE1160D69";"EUR";"SumUp";"1,15"
"Suedseite - Bakery and Roastery";"55978";"2025-05-31 17:29:20";"2025-05-31 17:30:09";"E608C51C-4CDF-43F2-A6EA-ED2041CD78B7";"EUR";"SumUp";"0,50"